ISO-10303-21;
HEADER;
FILE_DESCRIPTION (( 'STEP AP214' ),
    '1' );
FILE_NAME ('C335A96E-713C-4F7E-A69F-1A8109E8BA91.STEP',
    '2025-08-04T14:46:07',
    ( '' ),
    ( '' ),
    'SwSTEP 2.0',
    'SolidWorks 2022',
    '' );
FILE_SCHEMA (( 'AUTOMOTIVE_DESIGN' ));
ENDSEC;

DATA;
#1 = AXIS2_PLACEMENT_3D ( 'NONE', #264, #2624, #721 ) ;
#2 = AXIS2_PLACEMENT_3D ( 'NONE', #2091, #339, #958 ) ;
#3 = STYLED_ITEM ( 'NONE', ( #851 ), #2363 ) ;
#4 = MECHANICAL_DESIGN_GEOMETRIC_PRESENTATION_REPRESENTATION (  '', ( #2223 ), #1707 ) ;
#5 = ORIENTED_EDGE ( 'NONE', *, *, #2767, .T. ) ;
#6 = DIRECTION ( 'NONE',  ( -1.000000000000000000, -0.0000000000000000000, 0.0000000000000000000 ) ) ;
#7 = DIRECTION ( 'NONE',  ( -1.000000000000000000, 0.0000000000000000000, -0.0000000000000000000 ) ) ;
#8 = ORIENTED_EDGE ( 'NONE', *, *, #2636, .F. ) ;
#9 = LINE ( 'NONE', #493, #2351 ) ;
#10 = AXIS2_PLACEMENT_3D ( 'NONE', #1907, #2777, #1690 ) ;
#11 = DIRECTION ( 'NONE',  ( -1.000000000000000000, 0.0000000000000000000, -0.0000000000000000000 ) ) ;
#12 = DIRECTION ( 'NONE',  ( -0.0000000000000000000, -1.000000000000000000, -0.0000000000000000000 ) ) ;
#13 = ORIENTED_EDGE ( 'NONE', *, *, #28, .F. ) ;
#14 = EDGE_CURVE ( 'NONE', #352, #560, #945, .T. ) ;
#15 = CARTESIAN_POINT ( 'NONE',  ( 2.443403200231468730, 0.5000000000000000000, -1.600000000000000533 ) ) ;
#16 = CARTESIAN_POINT ( 'NONE',  ( 2.334672390362899641, 0.5700000000000000622, -1.373792337619390347 ) ) ;
#17 = ORIENTED_EDGE ( 'NONE', *, *, #1967, .F. ) ;
#18 = DIRECTION ( 'NONE',  ( -0.0000000000000000000, -1.000000000000000000, -0.0000000000000000000 ) ) ;
#19 = ORIENTED_EDGE ( 'NONE', *, *, #2558, .T. ) ;
#20 = LINE ( 'NONE', #2619, #359 ) ;
#21 = VERTEX_POINT ( 'NONE', #452 ) ;
#22 = FACE_OUTER_BOUND ( 'NONE', #261, .T. ) ;
#23 = SURFACE_STYLE_FILL_AREA ( #1781 ) ;
#24 = PRESENTATION_STYLE_ASSIGNMENT (( #2658 ) ) ;
#25 = DIRECTION ( 'NONE',  ( 1.040834085586084257E-14, 0.0000000000000000000, -1.000000000000000000 ) ) ;
#26 = CARTESIAN_POINT ( 'NONE',  ( 2.339156892612060723, 0.5699999999999999512, -1.366943032947528947 ) ) ;
#27 = CARTESIAN_POINT ( 'NONE',  ( 2.356436096641819411, 0.5699999999999998401, 1.340552025359294630 ) ) ;
#28 = EDGE_CURVE ( 'NONE', #1728, #312, #1538, .T. ) ;
#29 = DIRECTION ( 'NONE',  ( -0.0000000000000000000, -1.000000000000000000, 0.0000000000000000000 ) ) ;
#30 = ORIENTED_EDGE ( 'NONE', *, *, #2667, .T. ) ;
#31 = CARTESIAN_POINT ( 'NONE',  ( -2.104999999999999538, 0.8499999999999999778, -1.330000000000001847 ) ) ;
#32 = ADVANCED_FACE ( 'NONE', ( #2660 ), #664, .F. ) ;
#33 = ORIENTED_EDGE ( 'NONE', *, *, #1600, .T. ) ;
#34 = ORIENTED_EDGE ( 'NONE', *, *, #2260, .T. ) ;
#35 = CARTESIAN_POINT ( 'NONE',  ( 2.397720822543437436, 0.5000000000000001110, 1.405287082172837598 ) ) ;
#36 = CARTESIAN_POINT ( 'NONE',  ( 1.243403200231469663, -0.005000000000000000104, -0.7000000000000003997 ) ) ;
#37 = LINE ( 'NONE', #483, #775 ) ;
#38 = ORIENTED_EDGE ( 'NONE', *, *, #2313, .T. ) ;
#39 = DIRECTION ( 'NONE',  ( 1.000000000000000000, 0.0000000000000000000, -0.0000000000000000000 ) ) ;
#40 = DIRECTION ( 'NONE',  ( -4.772643433584183416E-17, 0.0000000000000000000, -1.000000000000000000 ) ) ;
#41 = CARTESIAN_POINT ( 'NONE',  ( 2.343403200231469530, -0.005000000000000000104, 1.300000000000001821 ) ) ;
#42 = EDGE_CURVE ( 'NONE', #465, #2119, #679, .T. ) ;
#43 = VECTOR ( 'NONE', #1805, 1000.000000000000000 ) ;
#44 = ORIENTED_EDGE ( 'NONE', *, *, #1437, .T. ) ;
#45 = DIRECTION ( 'NONE',  ( -0.0000000000000000000, -1.000000000000000000, -0.0000000000000000000 ) ) ;
#46 = VECTOR ( 'NONE', #1368, 1000.000000000000000 ) ;
#47 = VECTOR ( 'NONE', #645, 1000.000000000000000 ) ;
#48 = EDGE_CURVE ( 'NONE', #780, #2294, #1569, .T. ) ;
#49 = DIRECTION ( 'NONE',  ( -0.0000000000000000000, 0.0000000000000000000, -1.000000000000000000 ) ) ;
#50 = VECTOR ( 'NONE', #1010, 1000.000000000000000 ) ;
#51 = EDGE_LOOP ( 'NONE', ( #1221, #1647, #910, #1379, #63, #1290, #2499, #944 ) ) ;
#52 = CARTESIAN_POINT ( 'NONE',  ( 2.443403200231469174, 0.5000000000000000000, 1.400000000000001910 ) ) ;
#53 = STYLED_ITEM ( 'NONE', ( #2751 ), #2292 ) ;
#54 = VECTOR ( 'NONE', #870, 1000.000000000000000 ) ;
#55 =( GEOMETRIC_REPRESENTATION_CONTEXT ( 3 ) GLOBAL_UNCERTAINTY_ASSIGNED_CONTEXT ( ( #1103 ) ) GLOBAL_UNIT_ASSIGNED_CONTEXT ( ( #225, #2792, #2364 ) ) REPRESENTATION_CONTEXT ( 'NONE', 'WORKASPACE' ) );
#56 = CARTESIAN_POINT ( 'NONE',  ( -2.300000000000002043, 0.5000000000000000000, -1.600000000000000755 ) ) ;
#57 = ORIENTED_EDGE ( 'NONE', *, *, #2024, .F. ) ;
#58 =( GEOMETRIC_REPRESENTATION_CONTEXT ( 3 ) GLOBAL_UNCERTAINTY_ASSIGNED_CONTEXT ( ( #265 ) ) GLOBAL_UNIT_ASSIGNED_CONTEXT ( ( #530, #501, #2462 ) ) REPRESENTATION_CONTEXT ( 'NONE', 'WORKASPACE' ) );
#59 = CARTESIAN_POINT ( 'NONE',  ( -2.130000000000002558, 0.7999999999999999334, -1.230000000000002203 ) ) ;
#60 = DIRECTION ( 'NONE',  ( 0.0000000000000000000, 1.000000000000000000, 0.0000000000000000000 ) ) ;
#61 = PLANE ( 'NONE',  #770 ) ;
#62 = DIRECTION ( 'NONE',  ( 0.0000000000000000000, 0.0000000000000000000, -1.000000000000000000 ) ) ;
#63 = ORIENTED_EDGE ( 'NONE', *, *, #724, .T. ) ;
#64 = CARTESIAN_POINT ( 'NONE',  ( 2.258857902733178324, 0.5000000000000000000, 1.522908929367488673 ) ) ;
#65 = CARTESIAN_POINT ( 'NONE',  ( 2.230670236499053605, 0.5699999999999999512, -1.458835101073296725 ) ) ;
#66 = PRESENTATION_STYLE_ASSIGNMENT (( #2384 ) ) ;
#67 = VERTEX_POINT ( 'NONE', #1337 ) ;
#68 = ADVANCED_FACE ( 'NONE', ( #884 ), #1748, .F. ) ;
#69 = CARTESIAN_POINT ( 'NONE',  ( -2.130000000000002558, 0.5699999999999999512, -1.230000000000002203 ) ) ;
#70 = DIRECTION ( 'NONE',  ( 6.195440985631457289E-15, 0.0000000000000000000, -1.000000000000000000 ) ) ;
#71 = EDGE_LOOP ( 'NONE', ( #1385, #900, #2607 ) ) ;
#72 = FILL_AREA_STYLE ('',( #2016 ) ) ;
#73 = CARTESIAN_POINT ( 'NONE',  ( 2.272915986828159429, 0.5605690749332287171, -1.436570253572321487 ) ) ;
#74 = FACE_OUTER_BOUND ( 'NONE', #659, .T. ) ;
#75 = PRODUCT_CONTEXT ( 'NONE', #317, 'mechanical' ) ;
#76 = LINE ( 'NONE', #909, #2127 ) ;
#77 = ORIENTED_EDGE ( 'NONE', *, *, #1808, .F. ) ;
#78 = CARTESIAN_POINT ( 'NONE',  ( 2.343403200231469530, -0.005000000000000000104, 0.7000000000000017319 ) ) ;
#79 =( BOUNDED_SURFACE ( )  B_SPLINE_SURFACE ( 3, 3, ( 
 ( #2060, #956, #1178, #2696 ),
 ( #1875, #2088, #1418, #112 ),
 ( #761, #1606, #1618, #337 ),
 ( #1006, #2713, #538, #991 ) ),
 .UNSPECIFIED., .F., .F., .F. ) 
 B_SPLINE_SURFACE_WITH_KNOTS ( ( 4, 4 ),
 ( 4, 4 ),
 ( 0.0000000000000000000, 1.000000000000000000 ),
 ( 0.0000000000000000000, 1.000000000000000000 ),
 .UNSPECIFIED. ) 
 GEOMETRIC_REPRESENTATION_ITEM ( )  RATIONAL_B_SPLINE_SURFACE ( (
 ( 1.000000000000000000, 0.9857375032691507721, 0.9857375032691507721, 1.000000000000000000),
 ( 0.8047378541243630501, 0.7932602831107237185, 0.7932602831107237185, 0.8047378541243630501),
 ( 0.8047378541243630501, 0.7932602831107237185, 0.7932602831107237185, 0.8047378541243630501),
 ( 1.000000000000000000, 0.9857375032691507721, 0.9857375032691507721, 1.000000000000000000) ) ) 
 REPRESENTATION_ITEM ( '' )  SURFACE ( )  );
#80 = EDGE_CURVE ( 'NONE', #1642, #1535, #1999, .T. ) ;
#81 =( NAMED_UNIT ( * ) SI_UNIT ( $, .STERADIAN. ) SOLID_ANGLE_UNIT ( ) );
#82 = CARTESIAN_POINT ( 'NONE',  ( -2.400000000000003464, -0.005000000000000000104, -1.300000000000000266 ) ) ;
#83 = VERTEX_POINT ( 'NONE', #497 ) ;
#84 = LINE ( 'NONE', #940, #807 ) ;
#85 = EDGE_CURVE ( 'NONE', #1474, #834, #1350, .T. ) ;
#86 = CARTESIAN_POINT ( 'NONE',  ( 2.374846250180834950, 0.5699999999999999512, 1.280500631405801393 ) ) ;
#87 = FILL_AREA_STYLE ('',( #2029 ) ) ;
#88 = VERTEX_POINT ( 'NONE', #1351 ) ;
#89 = DIRECTION ( 'NONE',  ( -0.0000000000000000000, -0.0000000000000000000, -1.000000000000000000 ) ) ;
#90 = CARTESIAN_POINT ( 'NONE',  ( 2.105000000000000870, 0.7999999999999999334, 1.330000000000002069 ) ) ;
#91 = VECTOR ( 'NONE', #2389, 1000.000000000000000 ) ;
#92 = VECTOR ( 'NONE', #1420, 1000.000000000000000 ) ;
#93 = COLOUR_RGB ( '',0.1568627450980392135, 0.0000000000000000000, 0.1568627450980392135 ) ;
#94 = PLANE ( 'NONE',  #2590 ) ;
#95 = VERTEX_POINT ( 'NONE', #285 ) ;
#96 = CARTESIAN_POINT ( 'NONE',  ( 2.443403200231469174, 0.5000000000000000000, 1.300000000000001821 ) ) ;
#97 = UNCERTAINTY_MEASURE_WITH_UNIT (LENGTH_MEASURE( 1.000000000000000082E-05 ), #1956, 'distance_accuracy_value', 'NONE');
#98 = PRESENTATION_LAYER_ASSIGNMENT (  '', '', ( #53 ) ) ;
#99 = VECTOR ( 'NONE', #1612, 1000.000000000000000 ) ;
#100 = MANIFOLD_SOLID_BREP ( 'Cut-Extrude1', #2448 ) ;
#101 = EDGE_CURVE ( 'NONE', #88, #2549, #1810, .T. ) ;
#102 = AXIS2_PLACEMENT_3D ( 'NONE', #832, #1053, #1477 ) ;
#103 = CARTESIAN_POINT ( 'NONE',  ( -2.104999999999999982, 0.7999999999999999334, 1.330000000000001847 ) ) ;
#104 = CARTESIAN_POINT ( 'NONE',  ( -2.500000000000002665, -0.005000000000000000104, -1.300000000000000266 ) ) ;
#105 = EDGE_CURVE ( 'NONE', #1104, #780, #1141, .T. ) ;
#106 = ORIENTED_EDGE ( 'NONE', *, *, #105, .F. ) ;
#107 = EDGE_LOOP ( 'NONE', ( #961, #893, #1415, #930 ) ) ;
#108 = CARTESIAN_POINT ( 'NONE',  ( -2.317451660040611650, 0.5000000000000000000, -1.550000000000003819 ) ) ;
#109 = LINE ( 'NONE', #1989, #986 ) ;
#110 = DIRECTION ( 'NONE',  ( -1.000000000000000000, -0.0000000000000000000, 0.0000000000000000000 ) ) ;
#111 = ORIENTED_EDGE ( 'NONE', *, *, #2489, .F. ) ;
#112 = CARTESIAN_POINT ( 'NONE',  ( 2.129999999999998561, 0.4999999999999996669, -1.508994949366118776 ) ) ;
#113 = CARTESIAN_POINT ( 'NONE',  ( -2.130000000000002558, 0.5000000000000000000, 1.508994949366119220 ) ) ;
#114 = DIRECTION ( 'NONE',  ( 1.000000000000000000, 0.0000000000000000000, -0.0000000000000000000 ) ) ;
#115 = CARTESIAN_POINT ( 'NONE',  ( 2.397720822543437880, 0.5700000000000002842, -1.405287082172836266 ) ) ;
#116 = EDGE_LOOP ( 'NONE', ( #2079, #2379, #828, #742 ) ) ;
#117 = CARTESIAN_POINT ( 'NONE',  ( -2.500000000000001332, 0.5000000000000000000, 1.400000000000001688 ) ) ;
#118 = ADVANCED_FACE ( 'NONE', ( #751 ), #2717, .F. ) ;
#119 = FILL_AREA_STYLE ('',( #1859 ) ) ;
#120 = CARTESIAN_POINT ( 'NONE',  ( 2.380000000000001226, 0.5697923103767129627, -1.246950180656800855 ) ) ;
#121 = ORIENTED_EDGE ( 'NONE', *, *, #2798, .T. ) ;
#122 = CARTESIAN_POINT ( 'NONE',  ( 2.450000000000001510, 0.5696884655650694684, -1.600000000000000755 ) ) ;
#123 = B_SPLINE_CURVE_WITH_KNOTS ( 'NONE', 3,
 ( #1247, #16, #194, #413, #2118, #441, #180, #600, #1039, #1680 ),
 .UNSPECIFIED., .F., .F.,
 ( 4, 2, 2, 2, 4 ),
 ( 0.0000000000000000000, 0.2500000000000000000, 0.5000000000000000000, 0.7500000000000000000, 1.000000000000000000 ),
 .UNSPECIFIED. ) ;
#124 = FACE_OUTER_BOUND ( 'NONE', #589, .T. ) ;
#125 = CARTESIAN_POINT ( 'NONE',  ( 2.380000000000001670, 0.5696884661787648962, -1.246875177067205742 ) ) ;
#126 = VERTEX_POINT ( 'NONE', #2054 ) ;
#127 = VERTEX_POINT ( 'NONE', #568 ) ;
#128 = DIRECTION ( 'NONE',  ( -3.097720492815724700E-16, 0.0000000000000000000, -1.000000000000000000 ) ) ;
#129 = ADVANCED_FACE ( 'NONE', ( #787 ), #2259, .F. ) ;
#130 = CARTESIAN_POINT ( 'NONE',  ( -2.411814338045002337, 0.4999999999999998890, -1.388023782341150758 ) ) ;
#131 = VECTOR ( 'NONE', #840, 1000.000000000000000 ) ;
#132 = COLOUR_RGB ( '',1.000000000000000000, 1.000000000000000000, 0.0000000000000000000 ) ;
#133 =( LENGTH_UNIT ( ) NAMED_UNIT ( * ) SI_UNIT ( .MILLI., .METRE. ) );
#134 = CARTESIAN_POINT ( 'NONE',  ( 2.343403200231469530, -0.005000000000000000104, -1.300000000000000488 ) ) ;
#135 = AXIS2_PLACEMENT_3D ( 'NONE', #242, #1279, #1065 ) ;
#136 = VECTOR ( 'NONE', #2781, 1000.000000000000000 ) ;
#137 = FACE_OUTER_BOUND ( 'NONE', #2564, .T. ) ;
#138 = LINE ( 'NONE', #1849, #319 ) ;
#139 = AXIS2_PLACEMENT_3D ( 'NONE', #2102, #12, #1887 ) ;
#140 = DIRECTION ( 'NONE',  ( -1.000000000000000000, 0.0000000000000000000, 9.637352644315598694E-16 ) ) ;
#141 = AXIS2_PLACEMENT_3D ( 'NONE', #2623, #1733, #2645 ) ;
#142 = ORIENTED_EDGE ( 'NONE', *, *, #1549, .T. ) ;
#143 = VERTEX_POINT ( 'NONE', #1607 ) ;
#144 = CARTESIAN_POINT ( 'NONE',  ( 2.258857860336934031, 0.5000000000005541123, -1.522908833003724594 ) ) ;
#145 = PRODUCT_DEFINITION_FORMATION_WITH_SPECIFIED_SOURCE ( 'ANY', '', #2247, .NOT_KNOWN. ) ;
#146 = LINE ( 'NONE', #2083, #2216 ) ;
#147 = CARTESIAN_POINT ( 'NONE',  ( -2.288023782341183310, 0.4999999999999998890, 1.511814338044977335 ) ) ;
#148 = ADVANCED_FACE ( 'NONE', ( #555 ), #1595, .F. ) ;
#149 = CARTESIAN_POINT ( 'NONE',  ( 2.174851175434465045, 0.5000000000000000000, 1.550000000000001599 ) ) ;
#150 =( NAMED_UNIT ( * ) PLANE_ANGLE_UNIT ( ) SI_UNIT ( $, .RADIAN. ) );
#151 = DIRECTION ( 'NONE',  ( -3.097720492815724700E-16, -0.0000000000000000000, -1.000000000000000000 ) ) ;
#152 = LINE ( 'NONE', #1448, #50 ) ;
#153 = ORIENTED_EDGE ( 'NONE', *, *, #2558, .F. ) ;
#154 = EDGE_LOOP ( 'NONE', ( #2171, #2052, #2112, #423, #106, #2107, #572, #1523 ) ) ;
#155 = LINE ( 'NONE', #1223, #1174 ) ;
#156 = CARTESIAN_POINT ( 'NONE',  ( 2.363414866655504820, 0.5000000000000007772, -1.382825658172952776 ) ) ;
#157 = FILL_AREA_STYLE_COLOUR ( '', #1668 ) ;
#158 = EDGE_LOOP ( 'NONE', ( #670, #2404, #1514, #1923 ) ) ;
#159 =( LENGTH_UNIT ( ) NAMED_UNIT ( * ) SI_UNIT ( .MILLI., .METRE. ) );
#160 = ADVANCED_FACE ( 'NONE', ( #137 ), #995, .F. ) ;
#161 = CARTESIAN_POINT ( 'NONE',  ( -2.200000000000001954, 0.0000000000000000000, -1.599999999999999201 ) ) ;
#162 = CARTESIAN_POINT ( 'NONE',  ( -1.880000000000002336, 0.8499999999999999778, 0.7800000000000011369 ) ) ;
#163 = CARTESIAN_POINT ( 'NONE',  ( 1.243403200231469663, -0.005000000000000000104, 0.7000000000000017319 ) ) ;
#164 = EDGE_CURVE ( 'NONE', #1300, #838, #84, .T. ) ;
#165 = ORIENTED_EDGE ( 'NONE', *, *, #1600, .F. ) ;
#166 = CARTESIAN_POINT ( 'NONE',  ( 2.339156892612060723, 0.5000000000000001110, 1.366943032947529835 ) ) ;
#167 = CARTESIAN_POINT ( 'NONE',  ( 2.396132366306637618, 0.5000000000000008882, -1.320835010808800059 ) ) ;
#168 = DIRECTION ( 'NONE',  ( 1.000000000000000000, -0.0000000000000000000, 0.0000000000000000000 ) ) ;
#169 = CARTESIAN_POINT ( 'NONE',  ( -2.450000000000002398, 0.5000000000000000000, 1.229999999999999982 ) ) ;
#170 = AXIS2_PLACEMENT_3D ( 'NONE', #762, #738, #2039 ) ;
#171 = PLANE ( 'NONE',  #1857 ) ;
#172 = VERTEX_POINT ( 'NONE', #527 ) ;
#173 = PRESENTATION_LAYER_ASSIGNMENT (  '', '', ( #1027 ) ) ;
#174 = AXIS2_PLACEMENT_3D ( 'NONE', #2664, #716, #1575 ) ;
#175 = VERTEX_POINT ( 'NONE', #2245 ) ;
#176 = AXIS2_PLACEMENT_3D ( 'NONE', #1459, #1048, #436 ) ;
#177 = EDGE_CURVE ( 'NONE', #1099, #2143, #805, .T. ) ;
#178 = VECTOR ( 'NONE', #1534, 1000.000000000000000 ) ;
#179 = VECTOR ( 'NONE', #2321, 1000.000000000000000 ) ;
#180 = CARTESIAN_POINT ( 'NONE',  ( 2.275876027961209136, 0.5621429057843332355, -1.433641496466255605 ) ) ;
#181 = VERTEX_POINT ( 'NONE', #2796 ) ;
#182 = CARTESIAN_POINT ( 'NONE',  ( 2.143403200231469352, -0.005000000000000000104, 1.500000000000001776 ) ) ;
#183 = AXIS2_PLACEMENT_3D ( 'NONE', #1725, #875, #2543 ) ;
#184 = ORIENTED_EDGE ( 'NONE', *, *, #2406, .T. ) ;
#185 = CARTESIAN_POINT ( 'NONE',  ( 2.374846250180835394, 0.5699999999999999512, 1.280500631405801837 ) ) ;
#186 = ORIENTED_EDGE ( 'NONE', *, *, #42, .F. ) ;
#187 = FACE_OUTER_BOUND ( 'NONE', #1427, .T. ) ;
#188 = DIRECTION ( 'NONE',  ( 0.0000000000000000000, 0.0000000000000000000, 1.000000000000000000 ) ) ;
#189 = CARTESIAN_POINT ( 'NONE',  ( 2.343403200231469530, 0.0000000000000000000, 0.7000000000000016209 ) ) ;
#190 = ORIENTED_EDGE ( 'NONE', *, *, #1653, .F. ) ;
#191 = ORIENTED_EDGE ( 'NONE', *, *, #548, .T. ) ;
#192 = CARTESIAN_POINT ( 'NONE',  ( 2.334153510426145051, 0.5149108370615913532, 1.374587663145648841 ) ) ;
#193 = CARTESIAN_POINT ( 'NONE',  ( 2.283341366433337516, 0.4999999999965663577, -1.464298983422057665 ) ) ;
#194 = CARTESIAN_POINT ( 'NONE',  ( 2.327787617651624785, 0.5684216318552606229, -1.383724465911160717 ) ) ;
#195 = VERTEX_POINT ( 'NONE', #2368 ) ;
#196 = CARTESIAN_POINT ( 'NONE',  ( 2.374846250180835394, 0.5699999999999999512, 1.280500631405801615 ) ) ;
#197 = ADVANCED_FACE ( 'NONE', ( #590 ), #1976, .F. ) ;
#198 = ORIENTED_EDGE ( 'NONE', *, *, #1679, .F. ) ;
#199 = CYLINDRICAL_SURFACE ( 'NONE', #1854, 0.2000000000000003164 ) ;
#200 = VERTEX_POINT ( 'NONE', #1016 ) ;
#201 = DIRECTION ( 'NONE',  ( -1.000000000000000000, -0.0000000000000000000, -4.772643433584182184E-17 ) ) ;
#202 = LINE ( 'NONE', #1489, #1633 ) ;
#203 = CARTESIAN_POINT ( 'NONE',  ( 2.105000000000000426, 0.8499999999999999778, 1.330000000000002069 ) ) ;
#204 = CARTESIAN_POINT ( 'NONE',  ( 2.315379279225351805, 0.5202227855078108698, 1.400599407994916890 ) ) ;
#205 = CARTESIAN_POINT ( 'NONE',  ( 2.343403200231469530, -0.005000000000000000104, 1.300000000000001821 ) ) ;
#206 = DIRECTION ( 'NONE',  ( -0.0000000000000000000, -1.000000000000000000, -0.0000000000000000000 ) ) ;
#207 = CYLINDRICAL_SURFACE ( 'NONE', #183, 0.2000000000000003164 ) ;
#208 = ORIENTED_EDGE ( 'NONE', *, *, #1023, .T. ) ;
#209 = CARTESIAN_POINT ( 'NONE',  ( 2.443403200231469174, 0.0000000000000000000, 1.300000000000001821 ) ) ;
#210 = EDGE_CURVE ( 'NONE', #2549, #1701, #1298, .T. ) ;
#211 = ORIENTED_EDGE ( 'NONE', *, *, #444, .T. ) ;
#212 = LINE ( 'NONE', #1729, #2804 ) ;
#213 = LINE ( 'NONE', #675, #2807 ) ;
#214 = ORIENTED_EDGE ( 'NONE', *, *, #886, .F. ) ;
#215 =( LENGTH_UNIT ( ) NAMED_UNIT ( * ) SI_UNIT ( .MILLI., .METRE. ) );
#216 = EDGE_CURVE ( 'NONE', #981, #1628, #212, .T. ) ;
#217 =( NAMED_UNIT ( * ) PLANE_ANGLE_UNIT ( ) SI_UNIT ( $, .RADIAN. ) );
#218 = PLANE ( 'NONE',  #2638 ) ;
#219 = DIRECTION ( 'NONE',  ( 0.0000000000000000000, 1.000000000000000000, 0.0000000000000000000 ) ) ;
#220 = CARTESIAN_POINT ( 'NONE',  ( 2.397720822543436991, 0.5000000000000000000, 1.405287082172837376 ) ) ;
#221 = AXIS2_PLACEMENT_3D ( 'NONE', #59, #919, #1784 ) ;
#222 = LINE ( 'NONE', #1921, #328 ) ;
#223 = VECTOR ( 'NONE', #1062, 1000.000000000000000 ) ;
#224 = VECTOR ( 'NONE', #658, 1000.000000000000000 ) ;
#225 =( LENGTH_UNIT ( ) NAMED_UNIT ( * ) SI_UNIT ( .MILLI., .METRE. ) );
#226 = VERTEX_POINT ( 'NONE', #365 ) ;
#227 = DIRECTION ( 'NONE',  ( 0.0000000000000000000, 0.0000000000000000000, -1.000000000000000000 ) ) ;
#228 = CIRCLE ( 'NONE', #1815, 0.2000000000000000944 ) ;
#229 =( GEOMETRIC_REPRESENTATION_CONTEXT ( 3 ) GLOBAL_UNCERTAINTY_ASSIGNED_CONTEXT ( ( #1597 ) ) GLOBAL_UNIT_ASSIGNED_CONTEXT ( ( #1785, #1570, #2673 ) ) REPRESENTATION_CONTEXT ( 'NONE', 'WORKASPACE' ) );
#230 = VECTOR ( 'NONE', #1274, 1000.000000000000000 ) ;
#231 = EDGE_LOOP ( 'NONE', ( #2516, #890, #720, #2287 ) ) ;
#232 = DIRECTION ( 'NONE',  ( 0.0000000000000000000, 0.0000000000000000000, 1.000000000000000000 ) ) ;
#233 = EDGE_LOOP ( 'NONE', ( #564, #2426, #1361, #1918 ) ) ;
#234 = VECTOR ( 'NONE', #29, 1000.000000000000000 ) ;
#235 = EDGE_CURVE ( 'NONE', #2663, #687, #1315, .T. ) ;
#236 = LINE ( 'NONE', #927, #984 ) ;
#237 = DIRECTION ( 'NONE',  ( 1.000000000000000000, -0.0000000000000000000, -4.772643433584183416E-17 ) ) ;
#238 = UNCERTAINTY_MEASURE_WITH_UNIT (LENGTH_MEASURE( 1.000000000000000082E-05 ), #2161, 'distance_accuracy_value', 'NONE');
#239 = VERTEX_POINT ( 'NONE', #1741 ) ;
#240 = DIRECTION ( 'NONE',  ( 0.0000000000000000000, 0.0000000000000000000, 1.000000000000000000 ) ) ;
#241 = EDGE_CURVE ( 'NONE', #715, #974, #1580, .T. ) ;
#242 = CARTESIAN_POINT ( 'NONE',  ( 2.130000000000001670, 0.7999999999999999334, 1.230000000000001759 ) ) ;
#243 = LINE ( 'NONE', #1937, #2463 ) ;
#244 = ORIENTED_EDGE ( 'NONE', *, *, #290, .F. ) ;
#245 = CARTESIAN_POINT ( 'NONE',  ( 2.380000000000002114, 0.5696884655650695795, 1.229999999999999760 ) ) ;
#246 = ORIENTED_EDGE ( 'NONE', *, *, #1281, .T. ) ;
#247 = DIRECTION ( 'NONE',  ( 1.000000000000000000, 0.0000000000000000000, -0.0000000000000000000 ) ) ;
#248 = ORIENTED_EDGE ( 'NONE', *, *, #1987, .F. ) ;
#249 = DIRECTION ( 'NONE',  ( 0.0000000000000000000, -0.0000000000000000000, 1.000000000000000000 ) ) ;
#250 = DIRECTION ( 'NONE',  ( -1.000000000000000000, 1.393974221767090788E-14, -6.195440985631514876E-15 ) ) ;
#251 = EDGE_CURVE ( 'NONE', #1881, #834, #20, .T. ) ;
#252 = PRESENTATION_STYLE_ASSIGNMENT (( #2159 ) ) ;
#253 = CARTESIAN_POINT ( 'NONE',  ( 2.285167604513685724, 0.5000000500294022876, -1.471942992064315447 ) ) ;
#254 = LINE ( 'NONE', #1388, #2307 ) ;
#255 = EDGE_CURVE ( 'NONE', #2745, #1601, #866, .T. ) ;
#256 = CARTESIAN_POINT ( 'NONE',  ( 2.397720822543437436, 0.5000000000000001110, 1.405287082172837598 ) ) ;
#257 = EDGE_LOOP ( 'NONE', ( #1414, #760, #2421, #1726, #2709, #676 ) ) ;
#258 = CARTESIAN_POINT ( 'NONE',  ( 2.397720822543437436, 0.5000000000000001110, 1.405287082172837598 ) ) ;
#259 = B_SPLINE_CURVE_WITH_KNOTS ( 'NONE', 3,
 ( #2053, #1215, #149, #1835 ),
 .UNSPECIFIED., .F., .F.,
 ( 4, 4 ),
 ( 0.0000000000000000000, 1.000000000000000000 ),
 .UNSPECIFIED. ) ;
#260 =( LENGTH_UNIT ( ) NAMED_UNIT ( * ) SI_UNIT ( .MILLI., .METRE. ) );
#261 = EDGE_LOOP ( 'NONE', ( #823, #1100, #1617, #2063, #2123, #2510, #2182, #1049, #2435 ) ) ;
#262 = DIRECTION ( 'NONE',  ( 0.0000000000000000000, 1.000000000000000000, 0.0000000000000000000 ) ) ;
#263 = PRESENTATION_STYLE_ASSIGNMENT (( #2190 ) ) ;
#264 = CARTESIAN_POINT ( 'NONE',  ( 2.129999999999999449, 0.5699999999999999512, -1.550000000000002265 ) ) ;
#265 = UNCERTAINTY_MEASURE_WITH_UNIT (LENGTH_MEASURE( 1.000000000000000082E-05 ), #530, 'distance_accuracy_value', 'NONE');
#266 = DIRECTION ( 'NONE',  ( 0.0000000000000000000, 0.0000000000000000000, 1.000000000000000000 ) ) ;
#267 = SURFACE_STYLE_USAGE ( .BOTH. , #681 ) ;
#268 = EDGE_CURVE ( 'NONE', #448, #2745, #2605, .T. ) ;
#269 = CARTESIAN_POINT ( 'NONE',  ( 2.339156892612060279, 0.5289949493661166846, 1.366943032947529391 ) ) ;
#270 = CARTESIAN_POINT ( 'NONE',  ( -2.200000000000001954, 0.0000000000000000000, 1.500000000000002665 ) ) ;
#271 = AXIS2_PLACEMENT_3D ( 'NONE', #2471, #1152, #2027 ) ;
#272 = VERTEX_POINT ( 'NONE', #2383 ) ;
#273 = CARTESIAN_POINT ( 'NONE',  ( -2.200000000000001954, 0.0000000000000000000, 1.600000000000001865 ) ) ;
#274 = ADVANCED_FACE ( 'NONE', ( #446 ), #2167, .T. ) ;
#275 = AXIS2_PLACEMENT_3D ( 'NONE', #768, #2281, #345 ) ;
#276 = VECTOR ( 'NONE', #1796, 1000.000000000000000 ) ;
#277 =( GEOMETRIC_REPRESENTATION_CONTEXT ( 3 ) GLOBAL_UNCERTAINTY_ASSIGNED_CONTEXT ( ( #2625 ) ) GLOBAL_UNIT_ASSIGNED_CONTEXT ( ( #608, #2329, #1450 ) ) REPRESENTATION_CONTEXT ( 'NONE', 'WORKASPACE' ) );
#278 = DIRECTION ( 'NONE',  ( 1.000000000000000000, 0.0000000000000000000, 0.0000000000000000000 ) ) ;
#279 = EDGE_LOOP ( 'NONE', ( #1071, #1342, #437, #1326 ) ) ;
#280 = VECTOR ( 'NONE', #897, 1000.000000000000000 ) ;
#281 = VECTOR ( 'NONE', #1965, 1000.000000000000000 ) ;
#282 = VECTOR ( 'NONE', #1908, 1000.000000000000000 ) ;
#283 = FILL_AREA_STYLE_COLOUR ( '', #2686 ) ;
#284 = ORIENTED_EDGE ( 'NONE', *, *, #42, .T. ) ;
#285 = CARTESIAN_POINT ( 'NONE',  ( -1.300000000000002931, 0.0000000000000000000, -1.500000000000000000 ) ) ;
#286 = DIRECTION ( 'NONE',  ( 0.0000000000000000000, -1.000000000000000000, -0.0000000000000000000 ) ) ;
#287 = CARTESIAN_POINT ( 'NONE',  ( 2.343403200231469530, -0.005000000000000000104, 0.7000000000000017319 ) ) ;
#288 = ORIENTED_EDGE ( 'NONE', *, *, #2100, .F. ) ;
#289 = CARTESIAN_POINT ( 'NONE',  ( -1.300000000000002043, -0.005000000000000000104, 1.500000000000001776 ) ) ;
#290 = EDGE_CURVE ( 'NONE', #725, #399, #2694, .T. ) ;
#291 = EDGE_LOOP ( 'NONE', ( #990, #1899, #2412, #30 ) ) ;
#292 = DIRECTION ( 'NONE',  ( 0.0000000000000000000, 0.0000000000000000000, -1.000000000000000000 ) ) ;
#293 = FILL_AREA_STYLE ('',( #2066 ) ) ;
#294 = EDGE_LOOP ( 'NONE', ( #550, #2249, #1045, #2465 ) ) ;
#295 = EDGE_CURVE ( 'NONE', #448, #2578, #1559, .T. ) ;
#296 =( NAMED_UNIT ( * ) PLANE_ANGLE_UNIT ( ) SI_UNIT ( $, .RADIAN. ) );
#297 = CARTESIAN_POINT ( 'NONE',  ( 2.230670236510295279, 0.5699999999999999512, 1.458835101068350681 ) ) ;
#298 = ORIENTED_EDGE ( 'NONE', *, *, #1832, .F. ) ;
#299 = CARTESIAN_POINT ( 'NONE',  ( -2.276446609406729937, 0.5289949493661166846, 1.480000000000001981 ) ) ;
#300 = FACE_OUTER_BOUND ( 'NONE', #1206, .T. ) ;
#301 = DIRECTION ( 'NONE',  ( -3.097720492815724700E-16, -0.0000000000000000000, -1.000000000000000000 ) ) ;
#302 = ORIENTED_EDGE ( 'NONE', *, *, #1107, .F. ) ;
#303 = SURFACE_STYLE_FILL_AREA ( #2240 ) ;
#304 = CARTESIAN_POINT ( 'NONE',  ( -2.130000000000000338, 0.7999999999999999334, -1.480000000000002203 ) ) ;
#305 = EDGE_CURVE ( 'NONE', #465, #636, #1624, .T. ) ;
#306 = SURFACE_SIDE_STYLE ('',( #2478 ) ) ;
#307 = ORIENTED_EDGE ( 'NONE', *, *, #1296, .T. ) ;
#308 = SURFACE_STYLE_FILL_AREA ( #72 ) ;
#309 = CARTESIAN_POINT ( 'NONE',  ( 2.435198107694028558, 0.5000000000000000000, -1.334422214575034404 ) ) ;
#310 = CARTESIAN_POINT ( 'NONE',  ( 2.339156892612060279, 0.5699999999999999512, 1.366943032947529391 ) ) ;
#311 = ORIENTED_EDGE ( 'NONE', *, *, #2700, .F. ) ;
#312 = VERTEX_POINT ( 'NONE', #704 ) ;
#313 = CARTESIAN_POINT ( 'NONE',  ( -2.408994949366118909, 0.4999999999999999445, -1.229999999999999760 ) ) ;
#314 = AXIS2_PLACEMENT_3D ( 'NONE', #1621, #338, #957 ) ;
#315 = CARTESIAN_POINT ( 'NONE',  ( -2.500000000000000000, 0.0000000000000000000, -1.500000000000000444 ) ) ;
#316 = AXIS2_PLACEMENT_3D ( 'NONE', #1283, #2811, #1940 ) ;
#317 = APPLICATION_CONTEXT ( 'automotive_design' ) ;
#318 = VECTOR ( 'NONE', #2129, 1000.000000000000000 ) ;
#319 = VECTOR ( 'NONE', #151, 1000.000000000000000 ) ;
#320 = LINE ( 'NONE', #524, #861 ) ;
#321 = VERTEX_POINT ( 'NONE', #90 ) ;
#322 = LINE ( 'NONE', #1189, #2084 ) ;
#323 = UNCERTAINTY_MEASURE_WITH_UNIT (LENGTH_MEASURE( 1.000000000000000082E-05 ), #2019, 'distance_accuracy_value', 'NONE');
#324 = AXIS2_PLACEMENT_3D ( 'NONE', #2732, #785, #577 ) ;
#325 = AXIS2_PLACEMENT_3D ( 'NONE', #1138, #2013, #11 ) ;
#326 = EDGE_CURVE ( 'NONE', #347, #791, #2169, .T. ) ;
#327 = CARTESIAN_POINT ( 'NONE',  ( -2.408994949366119354, 0.5000000000000000000, 1.229999999999999982 ) ) ;
#328 = VECTOR ( 'NONE', #1724, 1000.000000000000000 ) ;
#329 = LINE ( 'NONE', #2697, #460 ) ;
#330 = CARTESIAN_POINT ( 'NONE',  ( 2.380000012851690716, 0.5060018466895239708, -1.247269620004536783 ) ) ;
#331 = EDGE_CURVE ( 'NONE', #630, #372, #523, .T. ) ;
#332 = EDGE_LOOP ( 'NONE', ( #1035, #938, #2322, #17, #2676, #2031, #968, #1408, #1557 ) ) ;
#333 = VERTEX_POINT ( 'NONE', #2198 ) ;
#334 =( LENGTH_UNIT ( ) NAMED_UNIT ( * ) SI_UNIT ( .MILLI., .METRE. ) );
#335 = DIRECTION ( 'NONE',  ( -1.000000000000000000, 0.0000000000000000000, 3.097720492815724700E-16 ) ) ;
#336 = DIRECTION ( 'NONE',  ( 0.0000000000000000000, 0.0000000000000000000, -1.000000000000000000 ) ) ;
#337 = CARTESIAN_POINT ( 'NONE',  ( 2.129999999999999449, 0.5289949493661164626, -1.480000000000001759 ) ) ;
#338 = DIRECTION ( 'NONE',  ( 0.0000000000000000000, 0.0000000000000000000, 1.000000000000000000 ) ) ;
#339 = DIRECTION ( 'NONE',  ( 0.2020025256231989530, 3.033860987097024782E-15, -0.9793850007233360078 ) ) ;
#340 = DIRECTION ( 'NONE',  ( -0.0000000000000000000, -1.000000000000000000, -0.0000000000000000000 ) ) ;
#341 = EDGE_CURVE ( 'NONE', #1373, #2015, #691, .T. ) ;
#342 = ORIENTED_EDGE ( 'NONE', *, *, #1549, .F. ) ;
#343 = EDGE_LOOP ( 'NONE', ( #2125, #868, #2163, #1269 ) ) ;
#344 = EDGE_CURVE ( 'NONE', #796, #848, #949, .T. ) ;
#345 = DIRECTION ( 'NONE',  ( 0.0000000000000000000, 0.0000000000000000000, -1.000000000000000000 ) ) ;
#346 = FACE_OUTER_BOUND ( 'NONE', #2035, .T. ) ;
#347 = VERTEX_POINT ( 'NONE', #65 ) ;
#348 = DIRECTION ( 'NONE',  ( 1.000000000000000000, 0.0000000000000000000, 0.0000000000000000000 ) ) ;
#349 = CARTESIAN_POINT ( 'NONE',  ( -2.276446609406729493, 0.5699999999999999512, 1.480000000000001759 ) ) ;
#350 = DIRECTION ( 'NONE',  ( -0.0000000000000000000, -1.000000000000000000, -0.0000000000000000000 ) ) ;
#351 = CARTESIAN_POINT ( 'NONE',  ( -2.400000000000002576, -0.005000000000000000104, 0.7000000000000026201 ) ) ;
#352 = VERTEX_POINT ( 'NONE', #1392 ) ;
#353 = EDGE_CURVE ( 'NONE', #2756, #1881, #2716, .T. ) ;
#354 = ORIENTED_EDGE ( 'NONE', *, *, #1054, .F. ) ;
#355 = CARTESIAN_POINT ( 'NONE',  ( -2.129999999999999893, 0.5000000000000000000, -1.550000000000002043 ) ) ;
#356 = FACE_OUTER_BOUND ( 'NONE', #233, .T. ) ;
#357 = ADVANCED_FACE ( 'NONE', ( #1382 ), #2241, .F. ) ;
#358 = CIRCLE ( 'NONE', #2085, 0.2500000000000000000 ) ;
#359 = VECTOR ( 'NONE', #6, 1000.000000000000000 ) ;
#360 = CARTESIAN_POINT ( 'NONE',  ( 2.377967424580825995, 0.5041278446025085902, 1.265368692045993226 ) ) ;
#361 = ORIENTED_EDGE ( 'NONE', *, *, #2544, .T. ) ;
#362 = FACE_OUTER_BOUND ( 'NONE', #915, .T. ) ;
#363 = VECTOR ( 'NONE', #1295, 1000.000000000000000 ) ;
#364 = B_SPLINE_CURVE_WITH_KNOTS ( 'NONE', 3,
 ( #614, #1695, #2336, #147, #1252, #1004, #2106, #2572, #629, #1874, #808, #2124, #169 ),
 .UNSPECIFIED., .F., .F.,
 ( 4, 2, 2, 1, 2, 2, 4 ),
 ( 0.0000000000000000000, 0.2500000000000003886, 0.5000000000000007772, 0.6250000000000005551, 0.6875000000000004441, 0.7500000000000002220, 1.000000000000000000 ),
 .UNSPECIFIED. ) ;
#365 = CARTESIAN_POINT ( 'NONE',  ( 2.143403200231469352, 0.0000000000000000000, 1.500000000000001776 ) ) ;
#366 = LINE ( 'NONE', #1387, #813 ) ;
#367 = AXIS2_PLACEMENT_3D ( 'NONE', #2003, #713, #1984 ) ;
#368 = STYLED_ITEM ( 'NONE', ( #424 ), #874 ) ;
#369 = DIRECTION ( 'NONE',  ( -0.0000000000000000000, -1.000000000000000000, -0.0000000000000000000 ) ) ;
#370 =( GEOMETRIC_REPRESENTATION_CONTEXT ( 3 ) GLOBAL_UNCERTAINTY_ASSIGNED_CONTEXT ( ( #1190 ) ) GLOBAL_UNIT_ASSIGNED_CONTEXT ( ( #2669, #2177, #1333 ) ) REPRESENTATION_CONTEXT ( 'NONE', 'WORKASPACE' ) );
#371 = VECTOR ( 'NONE', #418, 1000.000000000000000 ) ;
#372 = VERTEX_POINT ( 'NONE', #950 ) ;
#373 = CARTESIAN_POINT ( 'NONE',  ( -2.500000000000001776, -0.005000000000000003574, 1.300000000000002709 ) ) ;
#374 = CARTESIAN_POINT ( 'NONE',  ( 2.403243468686742101, 0.5000000000000007772, -1.286357684408076851 ) ) ;
#375 = AXIS2_PLACEMENT_3D ( 'NONE', #2567, #1357, #62 ) ;
#376 = CARTESIAN_POINT ( 'NONE',  ( -2.341074174368463101, 0.5000000000000000000, -1.471618396464839496 ) ) ;
#377 = EDGE_CURVE ( 'NONE', #1151, #1068, #2476, .T. ) ;
#378 = DIRECTION ( 'NONE',  ( -1.000000000000000000, 0.0000000000000000000, -0.0000000000000000000 ) ) ;
#379 = EDGE_LOOP ( 'NONE', ( #142, #2483, #2557, #883 ) ) ;
#380 =( NAMED_UNIT ( * ) SI_UNIT ( $, .STERADIAN. ) SOLID_ANGLE_UNIT ( ) );
#381 = EDGE_CURVE ( 'NONE', #560, #661, #1613, .T. ) ;
#382 = CARTESIAN_POINT ( 'NONE',  ( -1.880000000000002336, 0.8499999999999999778, 0.9800000000000015365 ) ) ;
#383 = PRESENTATION_STYLE_ASSIGNMENT (( #855 ) ) ;
#384 = DIRECTION ( 'NONE',  ( 1.000000000000000000, -0.0000000000000000000, 0.0000000000000000000 ) ) ;
#385 = LINE ( 'NONE', #1234, #461 ) ;
#386 = CARTESIAN_POINT ( 'NONE',  ( -2.316113694795050026, 0.5000000000000001110, -1.492033827123731671 ) ) ;
#387 = EDGE_CURVE ( 'NONE', #1701, #715, #109, .T. ) ;
#388 = DIRECTION ( 'NONE',  ( 0.0000000000000000000, 1.000000000000000000, 0.0000000000000000000 ) ) ;
#389 = VERTEX_POINT ( 'NONE', #1453 ) ;
#390 = CARTESIAN_POINT ( 'NONE',  ( 1.243403200231469663, -0.005000000000000000104, 0.7000000000000017319 ) ) ;
#391 = ADVANCED_FACE ( 'NONE', ( #977 ), #1438, .F. ) ;
#392 = PLANE ( 'NONE',  #1365 ) ;
#393 = CARTESIAN_POINT ( 'NONE',  ( -1.300000000000002265, -0.005000000000000000104, 0.7000000000000017319 ) ) ;
#394 = ORIENTED_EDGE ( 'NONE', *, *, #2359, .F. ) ;
#395 = ORIENTED_EDGE ( 'NONE', *, *, #2276, .F. ) ;
#396 = CARTESIAN_POINT ( 'NONE',  ( 2.267188757642472297, 0.5000000000000000000, 1.502963789188743737 ) ) ;
#397 = CARTESIAN_POINT ( 'NONE',  ( -2.105000000000000426, 0.8499999999999999778, 1.205000000000001625 ) ) ;
#398 = DIRECTION ( 'NONE',  ( 0.0000000000000000000, 0.0000000000000000000, -1.000000000000000000 ) ) ;
#399 = VERTEX_POINT ( 'NONE', #1631 ) ;
#400 =( NAMED_UNIT ( * ) SI_UNIT ( $, .STERADIAN. ) SOLID_ANGLE_UNIT ( ) );
#401 = ORIENTED_EDGE ( 'NONE', *, *, #571, .F. ) ;
#402 = CARTESIAN_POINT ( 'NONE',  ( 2.378238173029945557, 0.5699998144845678238, 1.264055300577487717 ) ) ;
#403 = PLANE ( 'NONE',  #1941 ) ;
#404 = DIRECTION ( 'NONE',  ( 0.0000000000000000000, 1.000000000000000000, 0.0000000000000000000 ) ) ;
#405 = AXIS2_PLACEMENT_3D ( 'NONE', #1148, #511, #1667 ) ;
#406 = PRESENTATION_LAYER_ASSIGNMENT (  '', '', ( #2755 ) ) ;
#407 = AXIS2_PLACEMENT_3D ( 'NONE', #115, #2275, #1401 ) ;
#408 = DIRECTION ( 'NONE',  ( -1.000000000000000000, 0.0000000000000000000, -0.0000000000000000000 ) ) ;
#409 = CARTESIAN_POINT ( 'NONE',  ( -2.130000000000000338, 0.5699999999999999512, 1.550000000000001599 ) ) ;
#410 = DIRECTION ( 'NONE',  ( -0.0000000000000000000, -1.000000000000000000, -0.0000000000000000000 ) ) ;
#411 = VECTOR ( 'NONE', #2256, 1000.000000000000000 ) ;
#412 = VECTOR ( 'NONE', #450, 1000.000000000000000 ) ;
#413 = CARTESIAN_POINT ( 'NONE',  ( 2.306792814616597020, 0.5621270882239806088, -1.407469585608120743 ) ) ;
#414 = ORIENTED_EDGE ( 'NONE', *, *, #672, .T. ) ;
#415 = DIRECTION ( 'NONE',  ( -0.0000000000000000000, -1.000000000000000000, -0.0000000000000000000 ) ) ;
#416 = VECTOR ( 'NONE', #2601, 1000.000000000000000 ) ;
#417 = VERTEX_POINT ( 'NONE', #2527 ) ;
#418 = DIRECTION ( 'NONE',  ( 0.0000000000000000000, 0.0000000000000000000, 1.000000000000000000 ) ) ;
#419 = EDGE_LOOP ( 'NONE', ( #489, #2701, #766, #878 ) ) ;
#420 = LINE ( 'NONE', #605, #230 ) ;
#421 = FACE_OUTER_BOUND ( 'NONE', #2479, .T. ) ;
#422 = LINE ( 'NONE', #203, #2219 ) ;
#423 = ORIENTED_EDGE ( 'NONE', *, *, #2172, .T. ) ;
#424 = PRESENTATION_STYLE_ASSIGNMENT (( #1475 ) ) ;
#425 = EDGE_CURVE ( 'NONE', #573, #67, #1855, .T. ) ;
#426 = DIRECTION ( 'NONE',  ( -1.000000000000000000, 0.0000000000000000000, 1.971276677246371026E-16 ) ) ;
#427 = CARTESIAN_POINT ( 'NONE',  ( 2.217803809678857707, 0.5000000000000000000, -1.540969643122497956 ) ) ;
#428 = CARTESIAN_POINT ( 'NONE',  ( 1.243403200231469663, -0.005000000000000000104, -0.7000000000000003997 ) ) ;
#429 = ORIENTED_EDGE ( 'NONE', *, *, #1239, .F. ) ;
#430 = LINE ( 'NONE', #2794, #1077 ) ;
#431 = EDGE_CURVE ( 'NONE', #83, #819, #2255, .T. ) ;
#432 = EDGE_LOOP ( 'NONE', ( #2200, #1684, #543, #1973 ) ) ;
#433 = DIRECTION ( 'NONE',  ( -1.000000000000000000, 0.0000000000000000000, 0.0000000000000000000 ) ) ;
#434 = FILL_AREA_STYLE_COLOUR ( '', #2534 ) ;
#435 =( NAMED_UNIT ( * ) SI_UNIT ( $, .STERADIAN. ) SOLID_ANGLE_UNIT ( ) );
#436 = DIRECTION ( 'NONE',  ( 0.4026809460411744368, 0.0000000000000000000, 0.9153404042733963575 ) ) ;
#437 = ORIENTED_EDGE ( 'NONE', *, *, #654, .F. ) ;
#438 = DIRECTION ( 'NONE',  ( 0.0000000000000000000, 0.0000000000000000000, -1.000000000000000000 ) ) ;
#439 = CARTESIAN_POINT ( 'NONE',  ( 2.258857860336934031, 0.5000000000005541123, -1.522908833003724594 ) ) ;
#440 = SURFACE_STYLE_USAGE ( .BOTH. , #2391 ) ;
#441 = CARTESIAN_POINT ( 'NONE',  ( 2.285283851870937966, 0.5605645267638768026, -1.426096634468693836 ) ) ;
#442 = ORIENTED_EDGE ( 'NONE', *, *, #470, .T. ) ;
#443 = DIRECTION ( 'NONE',  ( 0.0000000000000000000, 0.0000000000000000000, -1.000000000000000000 ) ) ;
#444 = EDGE_CURVE ( 'NONE', #2015, #1681, #601, .T. ) ;
#445 = VERTEX_POINT ( 'NONE', #985 ) ;
#446 = FACE_OUTER_BOUND ( 'NONE', #291, .T. ) ;
#447 = DIRECTION ( 'NONE',  ( 0.0000000000000000000, 1.000000000000000000, 0.0000000000000000000 ) ) ;
#448 = VERTEX_POINT ( 'NONE', #2268 ) ;
#449 = ADVANCED_FACE ( 'NONE', ( #576 ), #1187, .F. ) ;
#450 = DIRECTION ( 'NONE',  ( -1.000000000000000000, -0.0000000000000000000, 0.0000000000000000000 ) ) ;
#451 = CARTESIAN_POINT ( 'NONE',  ( -1.880000000000002336, 0.8499999999999999778, 1.180000000000001714 ) ) ;
#452 = CARTESIAN_POINT ( 'NONE',  ( 2.105000000000001315, 0.8499999999999999778, -1.330000000000001847 ) ) ;
#453 = CARTESIAN_POINT ( 'NONE',  ( -2.500000000000000000, 0.0000000000000000000, 1.600000000000001865 ) ) ;
#454 = DIRECTION ( 'NONE',  ( -0.0000000000000000000, -1.000000000000000000, -0.0000000000000000000 ) ) ;
#455 = LINE ( 'NONE', #1038, #864 ) ;
#456 = VECTOR ( 'NONE', #1220, 1000.000000000000000 ) ;
#457 =( GEOMETRIC_REPRESENTATION_CONTEXT ( 3 ) GLOBAL_UNCERTAINTY_ASSIGNED_CONTEXT ( ( #2425 ) ) GLOBAL_UNIT_ASSIGNED_CONTEXT ( ( #2183, #2765, #400 ) ) REPRESENTATION_CONTEXT ( 'NONE', 'WORKASPACE' ) );
#458 = FILL_AREA_STYLE_COLOUR ( '', #2410 ) ;
#459 = ORIENTED_EDGE ( 'NONE', *, *, #2309, .F. ) ;
#460 = VECTOR ( 'NONE', #970, 1000.000000000000000 ) ;
#461 = VECTOR ( 'NONE', #168, 1000.000000000000000 ) ;
#462 = ORIENTED_EDGE ( 'NONE', *, *, #987, .T. ) ;
#463 = PRESENTATION_STYLE_ASSIGNMENT (( #2400 ) ) ;
#464 = DIRECTION ( 'NONE',  ( 0.0000000000000000000, 0.0000000000000000000, -1.000000000000000000 ) ) ;
#465 = VERTEX_POINT ( 'NONE', #1417 ) ;
#466 = EDGE_CURVE ( 'NONE', #1151, #465, #146, .T. ) ;
#467 = PLANE ( 'NONE',  #1494 ) ;
#468 = COLOUR_RGB ( '',1.000000000000000000, 1.000000000000000000, 0.0000000000000000000 ) ;
#469 = CARTESIAN_POINT ( 'NONE',  ( 1.243403200231469663, -0.005000000000000000104, 1.500000000000001998 ) ) ;
#470 = EDGE_CURVE ( 'NONE', #1853, #2294, #794, .T. ) ;
#471 = CARTESIAN_POINT ( 'NONE',  ( 2.143403200231469352, -0.005000000000000000104, 1.600000000000001865 ) ) ;
#472 = B_SPLINE_CURVE_WITH_KNOTS ( 'NONE', 3,
 ( #2409, #120, #1175, #2487 ),
 .UNSPECIFIED., .F., .F.,
 ( 4, 4 ),
 ( 0.0000000000000000000, 1.000000000000000000 ),
 .UNSPECIFIED. ) ;
#473 = PLANE ( 'NONE',  #2220 ) ;
#474 = CARTESIAN_POINT ( 'NONE',  ( 2.143403200231469352, -0.005000000000000000104, 1.500000000000001776 ) ) ;
#475 = EDGE_LOOP ( 'NONE', ( #1713, #2523, #496, #2354 ) ) ;
#476 = DIRECTION ( 'NONE',  ( 0.0000000000000000000, 0.0000000000000000000, 1.000000000000000000 ) ) ;
#477 = ORIENTED_EDGE ( 'NONE', *, *, #1393, .T. ) ;
#478 = CARTESIAN_POINT ( 'NONE',  ( 2.380000000000002114, 0.5697923103767129627, 1.246950180656799745 ) ) ;
#479 = DIRECTION ( 'NONE',  ( 0.0000000000000000000, 0.0000000000000000000, 1.000000000000000000 ) ) ;
#480 = ORIENTED_EDGE ( 'NONE', *, *, #2617, .T. ) ;
#481 = DIRECTION ( 'NONE',  ( 1.000000000000000000, 0.0000000000000000000, -0.0000000000000000000 ) ) ;
#482 = ADVANCED_FACE ( 'NONE', ( #1480 ), #1041, .F. ) ;
#483 = CARTESIAN_POINT ( 'NONE',  ( -2.300000000000001155, 0.5000000000000000000, 1.600000000000001865 ) ) ;
#484 = ORIENTED_EDGE ( 'NONE', *, *, #1888, .F. ) ;
#485 = EDGE_CURVE ( 'NONE', #143, #2724, #1501, .T. ) ;
#486 = CARTESIAN_POINT ( 'NONE',  ( 2.230670236495306824, 0.5700000000000000622, -1.458835101074944962 ) ) ;
#487 = CARTESIAN_POINT ( 'NONE',  ( -2.230000000000000870, 0.7999999999999999334, 1.205000000000001181 ) ) ;
#488 = SURFACE_STYLE_USAGE ( .BOTH. , #2195 ) ;
#489 = ORIENTED_EDGE ( 'NONE', *, *, #381, .F. ) ;
#490 = CARTESIAN_POINT ( 'NONE',  ( 2.129999999999999449, 0.5699999999999999512, 1.550000000000001599 ) ) ;
#491 = DIRECTION ( 'NONE',  ( 0.0000000000000000000, -0.0000000000000000000, 1.000000000000000000 ) ) ;
#492 = ORIENTED_EDGE ( 'NONE', *, *, #854, .T. ) ;
#493 = CARTESIAN_POINT ( 'NONE',  ( -2.500000000000001332, -0.005000000000000013115, 1.400000000000001688 ) ) ;
#494 = DIRECTION ( 'NONE',  ( 0.0000000000000000000, -0.0000000000000000000, 1.000000000000000000 ) ) ;
#495 = UNCERTAINTY_MEASURE_WITH_UNIT (LENGTH_MEASURE( 1.000000000000000082E-05 ), #1884, 'distance_accuracy_value', 'NONE');
#496 = ORIENTED_EDGE ( 'NONE', *, *, #2667, .F. ) ;
#497 = CARTESIAN_POINT ( 'NONE',  ( -2.450000000000002398, 0.5000000000000000000, -1.230000000000000204 ) ) ;
#498 = LINE ( 'NONE', #453, #1858 ) ;
#499 = CARTESIAN_POINT ( 'NONE',  ( 2.343403200231469530, -0.005000000000000000104, 0.7000000000000017319 ) ) ;
#500 = EDGE_CURVE ( 'NONE', #2352, #1104, #671, .T. ) ;
#501 =( NAMED_UNIT ( * ) PLANE_ANGLE_UNIT ( ) SI_UNIT ( $, .RADIAN. ) );
#502 =( GEOMETRIC_REPRESENTATION_CONTEXT ( 3 ) GLOBAL_UNCERTAINTY_ASSIGNED_CONTEXT ( ( #722 ) ) GLOBAL_UNIT_ASSIGNED_CONTEXT ( ( #514, #2656, #1564 ) ) REPRESENTATION_CONTEXT ( 'NONE', 'WORKASPACE' ) );
#503 = STYLED_ITEM ( 'NONE', ( #1162 ), #100 ) ;
#504 = ORIENTED_EDGE ( 'NONE', *, *, #2192, .F. ) ;
#505 = LINE ( 'NONE', #911, #2398 ) ;
#506 = ADVANCED_FACE ( 'NONE', ( #2380 ), #2603, .F. ) ;
#507 = AXIS2_PLACEMENT_3D ( 'NONE', #2199, #2606, #479 ) ;
#508 = COLOUR_RGB ( '',0.1568627450980392135, 0.0000000000000000000, 0.1568627450980392135 ) ;
#509 = AXIS2_PLACEMENT_3D ( 'NONE', #1276, #814, #1676 ) ;
#510 = MECHANICAL_DESIGN_GEOMETRIC_PRESENTATION_REPRESENTATION (  '', ( #638 ), #229 ) ;
#511 = DIRECTION ( 'NONE',  ( -1.000000000000000000, 0.0000000000000000000, 0.0000000000000000000 ) ) ;
#512 = EDGE_LOOP ( 'NONE', ( #2270, #1115, #1040, #1817 ) ) ;
#513 = MECHANICAL_DESIGN_GEOMETRIC_PRESENTATION_REPRESENTATION (  '', ( #992 ), #370 ) ;
#514 =( LENGTH_UNIT ( ) NAMED_UNIT ( * ) SI_UNIT ( .MILLI., .METRE. ) );
#515 = DIRECTION ( 'NONE',  ( 1.000000000000000000, -0.0000000000000000000, 0.0000000000000000000 ) ) ;
#516 = ORIENTED_EDGE ( 'NONE', *, *, #2023, .T. ) ;
#517 = SURFACE_STYLE_FILL_AREA ( #1581 ) ;
#518 = CARTESIAN_POINT ( 'NONE',  ( 2.368474179291863102, 0.5289949493661166846, 1.311394852321859039 ) ) ;
#519 = LINE ( 'NONE', #1378, #996 ) ;
#520 = EDGE_CURVE ( 'NONE', #1300, #1654, #1924, .T. ) ;
#521 = EDGE_LOOP ( 'NONE', ( #211, #1818, #2604, #2750 ) ) ;
#522 = PLANE ( 'NONE',  #2684 ) ;
#523 = LINE ( 'NONE', #2211, #1123 ) ;
#524 = CARTESIAN_POINT ( 'NONE',  ( 2.443403200231469174, -0.005000000000000013115, 1.400000000000001688 ) ) ;
#525 = CYLINDRICAL_SURFACE ( 'NONE', #1258, 0.07000000000000018707 ) ;
#526 = UNCERTAINTY_MEASURE_WITH_UNIT (LENGTH_MEASURE( 1.000000000000000082E-05 ), #133, 'distance_accuracy_value', 'NONE');
#527 = CARTESIAN_POINT ( 'NONE',  ( 2.143403200231469352, 0.0000000000000000000, 1.600000000000001643 ) ) ;
#528 = DIRECTION ( 'NONE',  ( -0.0000000000000000000, -1.000000000000000000, -0.0000000000000000000 ) ) ;
#529 = DIRECTION ( 'NONE',  ( -0.0000000000000000000, 0.0000000000000000000, -1.000000000000000000 ) ) ;
#530 =( LENGTH_UNIT ( ) NAMED_UNIT ( * ) SI_UNIT ( .MILLI., .METRE. ) );
#531 = ORIENTED_EDGE ( 'NONE', *, *, #1634, .T. ) ;
#532 = ORIENTED_EDGE ( 'NONE', *, *, #1865, .T. ) ;
#533 = CARTESIAN_POINT ( 'NONE',  ( 2.105000000000001315, 0.7999999999999999334, 1.205000000000001625 ) ) ;
#534 = CARTESIAN_POINT ( 'NONE',  ( -2.500000000000000000, 0.0000000000000000000, 0.7000000000000016209 ) ) ;
#535 = EDGE_CURVE ( 'NONE', #799, #573, #2334, .T. ) ;
#536 = DIRECTION ( 'NONE',  ( 0.0000000000000000000, 1.000000000000000000, 0.0000000000000000000 ) ) ;
#537 = ORIENTED_EDGE ( 'NONE', *, *, #1780, .F. ) ;
#538 = CARTESIAN_POINT ( 'NONE',  ( 2.164786486541157462, 0.5700000000000000622, -1.480000000000001981 ) ) ;
#539 =( LENGTH_UNIT ( ) NAMED_UNIT ( * ) SI_UNIT ( .MILLI., .METRE. ) );
#540 = CARTESIAN_POINT ( 'NONE',  ( -2.130000000000001226, 0.7999999999999999334, 1.480000000000001759 ) ) ;
#541 = CARTESIAN_POINT ( 'NONE',  ( 2.443403200231468286, 0.5000000000000000000, -1.230000000000000426 ) ) ;
#542 = VERTEX_POINT ( 'NONE', #209 ) ;
#543 = ORIENTED_EDGE ( 'NONE', *, *, #1909, .F. ) ;
#544 = LINE ( 'NONE', #2048, #99 ) ;
#545 = VECTOR ( 'NONE', #1730, 1000.000000000000000 ) ;
#546 = VECTOR ( 'NONE', #877, 1000.000000000000000 ) ;
#547 = PRESENTATION_LAYER_ASSIGNMENT (  '', '', ( #638 ) ) ;
#548 = EDGE_CURVE ( 'NONE', #1050, #1184, #2135, .T. ) ;
#549 = DIRECTION ( 'NONE',  ( 1.000000000000000000, 0.0000000000000000000, -0.0000000000000000000 ) ) ;
#550 = ORIENTED_EDGE ( 'NONE', *, *, #2436, .F. ) ;
#551 = LINE ( 'NONE', #1596, #1632 ) ;
#552 = UNCERTAINTY_MEASURE_WITH_UNIT (LENGTH_MEASURE( 1.000000000000000082E-05 ), #334, 'distance_accuracy_value', 'NONE');
#553 = VECTOR ( 'NONE', #1866, 1000.000000000000000 ) ;
#554 = PRESENTATION_LAYER_ASSIGNMENT (  '', '', ( #2223 ) ) ;
#555 = FACE_OUTER_BOUND ( 'NONE', #1705, .T. ) ;
#556 = VECTOR ( 'NONE', #1127, 1000.000000000000000 ) ;
#557 = EDGE_CURVE ( 'NONE', #2626, #1881, #1727, .T. ) ;
#558 = LINE ( 'NONE', #2246, #1816 ) ;
#559 = LINE ( 'NONE', #2533, #1030 ) ;
#560 = VERTEX_POINT ( 'NONE', #196 ) ;
#561 = ORIENTED_EDGE ( 'NONE', *, *, #241, .T. ) ;
#562 = DIRECTION ( 'NONE',  ( 0.0000000000000000000, 0.0000000000000000000, 1.000000000000000000 ) ) ;
#563 = DIRECTION ( 'NONE',  ( 0.0000000000000000000, 1.000000000000000000, 0.0000000000000000000 ) ) ;
#564 = ORIENTED_EDGE ( 'NONE', *, *, #2617, .F. ) ;
#565 = CYLINDRICAL_SURFACE ( 'NONE', #324, 0.2500000000000000000 ) ;
#566 =( BOUNDED_SURFACE ( )  B_SPLINE_SURFACE ( 3, 2, ( 
 ( #2469, #1384, #1822 ),
 ( #2695, #850, #1898 ),
 ( #2559, #360, #402 ),
 ( #603, #1913, #185 ) ),
 .UNSPECIFIED., .F., .F., .F. ) 
 B_SPLINE_SURFACE_WITH_KNOTS ( ( 4, 4 ),
 ( 3, 3 ),
 ( 0.0001508932528639695433, 0.0002158784594225831156 ),
 ( 0.0000000000000000000, 1.000000000000000000 ),
 .UNSPECIFIED. ) 
 GEOMETRIC_REPRESENTATION_ITEM ( )  RATIONAL_B_SPLINE_SURFACE ( (
 ( 1.000000000000000000, 0.7396756034550957537, 1.000000000000000000),
 ( 1.000000000000000000, 0.7397409988366761002, 1.000000000000000000),
 ( 1.000000000000000000, 0.7286511104909643155, 1.000000000000000000),
 ( 1.000000000000000000, 0.7071067811865475727, 1.000000000000000000) ) ) 
 REPRESENTATION_ITEM ( '' )  SURFACE ( )  );
#567 = EDGE_CURVE ( 'NONE', #172, #226, #2586, .T. ) ;
#568 = CARTESIAN_POINT ( 'NONE',  ( -2.500000000000002220, 0.0000000000000000000, -1.300000000000000266 ) ) ;
#569 = CARTESIAN_POINT ( 'NONE',  ( 2.443403200231469174, -0.005000000000000000104, 1.300000000000001821 ) ) ;
#570 = FACE_OUTER_BOUND ( 'NONE', #1097, .T. ) ;
#571 = EDGE_CURVE ( 'NONE', #1845, #333, #430, .T. ) ;
#572 = ORIENTED_EDGE ( 'NONE', *, *, #2012, .F. ) ;
#573 = VERTEX_POINT ( 'NONE', #2349 ) ;
#574 = CARTESIAN_POINT ( 'NONE',  ( 2.143403200231469352, -0.005000000000000008778, -1.600000000000000533 ) ) ;
#575 = CARTESIAN_POINT ( 'NONE',  ( 2.143403200231469352, -0.005000000000000000104, -1.500000000000000444 ) ) ;
#576 = FACE_OUTER_BOUND ( 'NONE', #846, .T. ) ;
#577 = DIRECTION ( 'NONE',  ( 0.0000000000000000000, 0.0000000000000000000, -1.000000000000000000 ) ) ;
#578 = FILL_AREA_STYLE ('',( #1087 ) ) ;
#579 = CARTESIAN_POINT ( 'NONE',  ( 2.419970648464685237, 0.5000000000000000000, -1.371304305899503806 ) ) ;
#580 = DIRECTION ( 'NONE',  ( 0.0000000000000000000, 0.0000000000000000000, 1.000000000000000000 ) ) ;
#581 = ORIENTED_EDGE ( 'NONE', *, *, #1987, .T. ) ;
#582 = EDGE_LOOP ( 'NONE', ( #2158, #2789, #2337, #1926 ) ) ;
#583 = DIRECTION ( 'NONE',  ( 0.0000000000000000000, 1.000000000000000000, 0.0000000000000000000 ) ) ;
#584 = EDGE_CURVE ( 'NONE', #965, #1701, #683, .T. ) ;
#585 = FACE_OUTER_BOUND ( 'NONE', #294, .T. ) ;
#586 = ADVANCED_FACE ( 'NONE', ( #1738 ), #2570, .T. ) ;
#587 = PRESENTATION_LAYER_ASSIGNMENT (  '', '', ( #2077 ) ) ;
#588 = CARTESIAN_POINT ( 'NONE',  ( -1.300000000000002265, -0.005000000000000000104, 0.7000000000000017319 ) ) ;
#589 = EDGE_LOOP ( 'NONE', ( #1567, #13, #741, #2399 ) ) ;
#590 = FACE_OUTER_BOUND ( 'NONE', #1043, .T. ) ;
#591 = CARTESIAN_POINT ( 'NONE',  ( -2.500000000000000000, 0.0000000000000000000, -1.599999999999999201 ) ) ;
#592 = PRESENTATION_LAYER_ASSIGNMENT (  '', '', ( #992 ) ) ;
#593 = LINE ( 'NONE', #2298, #1997 ) ;
#594 = AXIS2_PLACEMENT_3D ( 'NONE', #397, #410, #2180 ) ;
#595 = EDGE_LOOP ( 'NONE', ( #2774, #2640, #198, #745 ) ) ;
#596 = ORIENTED_EDGE ( 'NONE', *, *, #2290, .F. ) ;
#597 = LINE ( 'NONE', #1197, #1126 ) ;
#598 = CARTESIAN_POINT ( 'NONE',  ( 2.356436096641819411, 0.5289949493661172397, -1.340552025359295518 ) ) ;
#599 =( GEOMETRIC_REPRESENTATION_CONTEXT ( 3 ) GLOBAL_UNCERTAINTY_ASSIGNED_CONTEXT ( ( #323 ) ) GLOBAL_UNIT_ASSIGNED_CONTEXT ( ( #2019, #1588, #2162 ) ) REPRESENTATION_CONTEXT ( 'NONE', 'WORKASPACE' ) );
#600 = CARTESIAN_POINT ( 'NONE',  ( 2.249075531345132273, 0.5684285811568665636, -1.450387595956827536 ) ) ;
#601 = LINE ( 'NONE', #1645, #2538 ) ;
#602 = EDGE_CURVE ( 'NONE', #1904, #83, #730, .T. ) ;
#603 = CARTESIAN_POINT ( 'NONE',  ( 2.443403200231469174, 0.5000000000000000000, 1.294640808199425397 ) ) ;
#604 = ORIENTED_EDGE ( 'NONE', *, *, #2595, .F. ) ;
#605 = CARTESIAN_POINT ( 'NONE',  ( 2.443403200231469174, 0.0000000000000000000, -1.599999999999999201 ) ) ;
#606 = DIRECTION ( 'NONE',  ( -1.000000000000000000, 0.0000000000000000000, 2.710505431213761578E-16 ) ) ;
#607 = ORIENTED_EDGE ( 'NONE', *, *, #1302, .F. ) ;
#608 =( LENGTH_UNIT ( ) NAMED_UNIT ( * ) SI_UNIT ( .MILLI., .METRE. ) );
#609 = CARTESIAN_POINT ( 'NONE',  ( -2.400000000000003464, 0.0000000000000000000, -0.6999999999999998446 ) ) ;
#610 = DIRECTION ( 'NONE',  ( -1.000000000000000000, 0.0000000000000000000, 1.971276677246371026E-16 ) ) ;
#611 = ORIENTED_EDGE ( 'NONE', *, *, #305, .T. ) ;
#612 = DIRECTION ( 'NONE',  ( -0.0000000000000000000, -1.000000000000000000, -0.0000000000000000000 ) ) ;
#613 = ORIENTED_EDGE ( 'NONE', *, *, #377, .F. ) ;
#614 = CARTESIAN_POINT ( 'NONE',  ( -2.130000000000000782, 0.5000000000000000000, 1.550000000000001821 ) ) ;
#615 = ORIENTED_EDGE ( 'NONE', *, *, #1227, .T. ) ;
#616 = EDGE_CURVE ( 'NONE', #445, #693, #2475, .T. ) ;
#617 = SURFACE_STYLE_FILL_AREA ( #1228 ) ;
#618 = CARTESIAN_POINT ( 'NONE',  ( -2.500000000000001332, -0.005000000000000013115, 1.400000000000001910 ) ) ;
#619 = EDGE_CURVE ( 'NONE', #1112, #1503, #2443, .T. ) ;
#620 = LINE ( 'NONE', #2327, #685 ) ;
#621 = ORIENTED_EDGE ( 'NONE', *, *, #1739, .T. ) ;
#622 = FACE_OUTER_BOUND ( 'NONE', #2150, .T. ) ;
#623 = CYLINDRICAL_SURFACE ( 'NONE', #135, 0.2500000000000000000 ) ;
#624 = CARTESIAN_POINT ( 'NONE',  ( 1.243403200231469663, -0.005000000000000000104, -1.500000000000000444 ) ) ;
#625 = CARTESIAN_POINT ( 'NONE',  ( -1.880000000000002336, 0.8400000000000000799, 0.7800000000000011369 ) ) ;
#626 = ORIENTED_EDGE ( 'NONE', *, *, #2440, .F. ) ;
#627 = FILL_AREA_STYLE ('',( #1067 ) ) ;
#628 = ORIENTED_EDGE ( 'NONE', *, *, #976, .F. ) ;
#629 = CARTESIAN_POINT ( 'NONE',  ( -2.418690302526898428, 0.5000000000000001110, 1.368391518062425760 ) ) ;
#630 = VERTEX_POINT ( 'NONE', #2032 ) ;
#631 = SURFACE_STYLE_FILL_AREA ( #2574 ) ;
#632 = PRESENTATION_LAYER_ASSIGNMENT (  '', '', ( #1210 ) ) ;
#633 = LINE ( 'NONE', #1661, #131 ) ;
#634 = DIRECTION ( 'NONE',  ( -0.0000000000000000000, -1.000000000000000000, -0.0000000000000000000 ) ) ;
#635 = EDGE_CURVE ( 'NONE', #2626, #2502, #2418, .T. ) ;
#636 = VERTEX_POINT ( 'NONE', #1602 ) ;
#637 = VECTOR ( 'NONE', #2629, 1000.000000000000000 ) ;
#638 = STYLED_ITEM ( 'NONE', ( #1582 ), #943 ) ;
#639 = DIRECTION ( 'NONE',  ( -0.0000000000000000000, -1.000000000000000000, 0.0000000000000000000 ) ) ;
#640 = DIRECTION ( 'NONE',  ( -1.971276677246371026E-16, 0.0000000000000000000, -1.000000000000000000 ) ) ;
#641 = AXIS2_PLACEMENT_3D ( 'NONE', #1203, #1161, #348 ) ;
#642 = VECTOR ( 'NONE', #110, 1000.000000000000000 ) ;
#643 = CARTESIAN_POINT ( 'NONE',  ( -1.880000000000002336, 0.8400000000000000799, 1.180000000000001714 ) ) ;
#644 = ORIENTED_EDGE ( 'NONE', *, *, #2489, .T. ) ;
#645 = DIRECTION ( 'NONE',  ( 1.000000000000000000, 0.0000000000000000000, 4.772643433584182184E-17 ) ) ;
#646 = ORIENTED_EDGE ( 'NONE', *, *, #2508, .T. ) ;
#647 = CARTESIAN_POINT ( 'NONE',  ( 2.380000000000002114, 0.7999999999999999334, 1.229999999999999982 ) ) ;
#648 = LINE ( 'NONE', #2739, #371 ) ;
#649 = ORIENTED_EDGE ( 'NONE', *, *, #619, .T. ) ;
#650 = DIRECTION ( 'NONE',  ( 0.0000000000000000000, 0.0000000000000000000, 1.000000000000000000 ) ) ;
#651 = CARTESIAN_POINT ( 'NONE',  ( -2.500000000000000000, 0.0000000000000000000, 1.300000000000002709 ) ) ;
#652 = ORIENTED_EDGE ( 'NONE', *, *, #1396, .T. ) ;
#653 = PRESENTATION_STYLE_ASSIGNMENT (( #1723 ) ) ;
#654 = EDGE_CURVE ( 'NONE', #2724, #321, #1440, .T. ) ;
#655 = SURFACE_STYLE_FILL_AREA ( #1246 ) ;
#656 = DIRECTION ( 'NONE',  ( 0.0000000000000000000, 1.000000000000000000, 0.0000000000000000000 ) ) ;
#657 = ORIENTED_EDGE ( 'NONE', *, *, #2714, .T. ) ;
#658 = DIRECTION ( 'NONE',  ( -1.000000000000000000, 0.0000000000000000000, -0.0000000000000000000 ) ) ;
#659 = EDGE_LOOP ( 'NONE', ( #442, #2373, #2328, #581 ) ) ;
#660 =( NAMED_UNIT ( * ) PLANE_ANGLE_UNIT ( ) SI_UNIT ( $, .RADIAN. ) );
#661 = VERTEX_POINT ( 'NONE', #245 ) ;
#662 = FACE_OUTER_BOUND ( 'NONE', #332, .T. ) ;
#663 = CARTESIAN_POINT ( 'NONE',  ( -2.130000000000002558, 0.7999999999999999334, -1.480000000000002203 ) ) ;
#664 = PLANE ( 'NONE',  #2535 ) ;
#665 = CARTESIAN_POINT ( 'NONE',  ( 2.380000000000002114, 0.7999999999999999334, 1.229999999999999982 ) ) ;
#666 = PLANE ( 'NONE',  #2346 ) ;
#667 =( NAMED_UNIT ( * ) SI_UNIT ( $, .STERADIAN. ) SOLID_ANGLE_UNIT ( ) );
#668 = LINE ( 'NONE', #2030, #1955 ) ;
#669 = EDGE_CURVE ( 'NONE', #1778, #2621, #1144, .T. ) ;
#670 = ORIENTED_EDGE ( 'NONE', *, *, #1042, .F. ) ;
#671 = LINE ( 'NONE', #1911, #2584 ) ;
#672 = EDGE_CURVE ( 'NONE', #1681, #1589, #1146, .T. ) ;
#673 = ORIENTED_EDGE ( 'NONE', *, *, #341, .F. ) ;
#674 = DIRECTION ( 'NONE',  ( 0.0000000000000000000, -1.000000000000000000, -0.0000000000000000000 ) ) ;
#675 = CARTESIAN_POINT ( 'NONE',  ( 1.243403200231469663, 0.0000000000000000000, -1.599999999999999201 ) ) ;
#676 = ORIENTED_EDGE ( 'NONE', *, *, #1132, .T. ) ;
#677 = CARTESIAN_POINT ( 'NONE',  ( 2.443403200231469174, 0.4999999999999998890, 1.229999999999999316 ) ) ;
#678 = CARTESIAN_POINT ( 'NONE',  ( 2.343403200231469530, 0.0000000000000000000, -1.300000000000000488 ) ) ;
#679 = CIRCLE ( 'NONE', #1708, 0.2500000000000000000 ) ;
#680 = CARTESIAN_POINT ( 'NONE',  ( -2.400000000000003464, -0.005000000000000000104, -0.6999999999999997335 ) ) ;
#681 = SURFACE_SIDE_STYLE ('',( #1105 ) ) ;
#682 = AXIS2_PLACEMENT_3D ( 'NONE', #2293, #822, #837 ) ;
#683 = CIRCLE ( 'NONE', #1946, 0.1250000000000001110 ) ;
#684 = LINE ( 'NONE', #740, #2168 ) ;
#685 = VECTOR ( 'NONE', #2802, 1000.000000000000000 ) ;
#686 = CARTESIAN_POINT ( 'NONE',  ( -2.380000000000002558, 0.7999999999999999334, 1.229999999999999982 ) ) ;
#687 = VERTEX_POINT ( 'NONE', #273 ) ;
#688 = CARTESIAN_POINT ( 'NONE',  ( 2.443403200231468730, -0.005000000000000013115, 1.600000000000001865 ) ) ;
#689 = COLOUR_RGB ( '',0.1568627450980392135, 0.0000000000000000000, 0.1568627450980392135 ) ;
#690 = COLOUR_RGB ( '',0.7529411764705882248, 0.7529411764705882248, 0.7529411764705882248 ) ;
#691 = LINE ( 'NONE', #534, #905 ) ;
#692 = LINE ( 'NONE', #1345, #545 ) ;
#693 = VERTEX_POINT ( 'NONE', #2007 ) ;
#694 = PLANE ( 'NONE',  #1860 ) ;
#695 = ADVANCED_FACE ( 'NONE', ( #1590 ), #1109, .F. ) ;
#696 = CARTESIAN_POINT ( 'NONE',  ( -2.129999999999999449, 0.5699999999999999512, -1.550000000000002265 ) ) ;
#697 = DIRECTION ( 'NONE',  ( 0.0000000000000000000, 1.000000000000000000, 0.0000000000000000000 ) ) ;
#698 = DIRECTION ( 'NONE',  ( -1.000000000000000000, 0.0000000000000000000, 4.772643433584183416E-17 ) ) ;
#699 = CARTESIAN_POINT ( 'NONE',  ( 2.198828759856459758, 0.5699999999999999512, 1.472842956378192847 ) ) ;
#700 = CARTESIAN_POINT ( 'NONE',  ( 0.0000000000000000000, 0.0000000000000000000, 0.0000000000000000000 ) ) ;
#701 = PLANE ( 'NONE',  #2766 ) ;
#702 = EDGE_LOOP ( 'NONE', ( #2596, #33, #1222 ) ) ;
#703 = DIRECTION ( 'NONE',  ( 0.0000000000000000000, 1.000000000000000000, 0.0000000000000000000 ) ) ;
#704 = CARTESIAN_POINT ( 'NONE',  ( -2.200000000000001954, -0.005000000000000008778, 1.600000000000002309 ) ) ;
#705 = ORIENTED_EDGE ( 'NONE', *, *, #1090, .F. ) ;
#706 = DIRECTION ( 'NONE',  ( -3.097720492815724700E-16, 0.0000000000000000000, -1.000000000000000000 ) ) ;
#707 = EDGE_CURVE ( 'NONE', #2186, #1912, #505, .T. ) ;
#708 = CYLINDRICAL_SURFACE ( 'NONE', #2542, 0.1999999999999981515 ) ;
#709 = VERTEX_POINT ( 'NONE', #1098 ) ;
#710 = EDGE_LOOP ( 'NONE', ( #2360, #1317, #1894, #2473 ) ) ;
#711 = EDGE_CURVE ( 'NONE', #918, #974, #2021, .T. ) ;
#712 = LINE ( 'NONE', #665, #1540 ) ;
#713 = DIRECTION ( 'NONE',  ( -0.0000000000000000000, -1.000000000000000000, -0.0000000000000000000 ) ) ;
#714 = DIRECTION ( 'NONE',  ( 0.0000000000000000000, 1.000000000000000000, 0.0000000000000000000 ) ) ;
#715 = VERTEX_POINT ( 'NONE', #1790 ) ;
#716 = DIRECTION ( 'NONE',  ( 0.0000000000000000000, 1.000000000000000000, 0.0000000000000000000 ) ) ;
#717 = PRODUCT_DEFINITION_SHAPE ( 'NONE', 'NONE',  #2202 ) ;
#718 = DIRECTION ( 'NONE',  ( -0.4026809459812203396, 0.0000000000000000000, 0.9153404042997715928 ) ) ;
#719 = CARTESIAN_POINT ( 'NONE',  ( 2.356436096641819411, 0.5699999999999999512, -1.340552025359295296 ) ) ;
#720 = ORIENTED_EDGE ( 'NONE', *, *, #2260, .F. ) ;
#721 = DIRECTION ( 'NONE',  ( -6.195440985631457289E-15, 0.0000000000000000000, -1.000000000000000000 ) ) ;
#722 = UNCERTAINTY_MEASURE_WITH_UNIT (LENGTH_MEASURE( 1.000000000000000082E-05 ), #514, 'distance_accuracy_value', 'NONE');
#723 = ORIENTED_EDGE ( 'NONE', *, *, #295, .F. ) ;
#724 = EDGE_CURVE ( 'NONE', #2549, #2147, #1028, .T. ) ;
#725 = VERTEX_POINT ( 'NONE', #1362 ) ;
#726 = FACE_OUTER_BOUND ( 'NONE', #231, .T. ) ;
#727 = SURFACE_STYLE_FILL_AREA ( #87 ) ;
#728 = STYLED_ITEM ( 'NONE', ( #463 ), #274 ) ;
#729 = VERTEX_POINT ( 'NONE', #2633 ) ;
#730 = LINE ( 'NONE', #1130, #2808 ) ;
#731 = STYLED_ITEM ( 'NONE', ( #653 ), #1639 ) ;
#732 = STYLED_ITEM ( 'NONE', ( #2395 ), #586 ) ;
#733 = VECTOR ( 'NONE', #529, 1000.000000000000000 ) ;
#734 = VECTOR ( 'NONE', #1064, 1000.000000000000000 ) ;
#735 = VECTOR ( 'NONE', #1732, 1000.000000000000000 ) ;
#736 = FACE_OUTER_BOUND ( 'NONE', #419, .T. ) ;
#737 = PLANE ( 'NONE',  #1307 ) ;
#738 = DIRECTION ( 'NONE',  ( 0.0000000000000000000, 1.000000000000000000, 0.0000000000000000000 ) ) ;
#739 = FACE_OUTER_BOUND ( 'NONE', #343, .T. ) ;
#740 = CARTESIAN_POINT ( 'NONE',  ( -2.200000000000002842, 0.0000000000000000000, -1.599999999999999201 ) ) ;
#741 = ORIENTED_EDGE ( 'NONE', *, *, #2467, .F. ) ;
#742 = ORIENTED_EDGE ( 'NONE', *, *, #2067, .T. ) ;
#743 = CARTESIAN_POINT ( 'NONE',  ( -2.500000000000000000, 0.5000000000000000000, -1.599999999999999201 ) ) ;
#744 = EDGE_CURVE ( 'NONE', #399, #2301, #2228, .T. ) ;
#745 = ORIENTED_EDGE ( 'NONE', *, *, #1925, .T. ) ;
#746 = DIRECTION ( 'NONE',  ( 1.000000000000000000, 0.0000000000000000000, -0.0000000000000000000 ) ) ;
#747 = EDGE_CURVE ( 'NONE', #2442, #1637, #1587, .T. ) ;
#748 = DIRECTION ( 'NONE',  ( 0.0000000000000000000, 0.0000000000000000000, -1.000000000000000000 ) ) ;
#749 = ORIENTED_EDGE ( 'NONE', *, *, #251, .T. ) ;
#750 = FACE_OUTER_BOUND ( 'NONE', #2592, .T. ) ;
#751 = FACE_OUTER_BOUND ( 'NONE', #379, .T. ) ;
#752 = DIRECTION ( 'NONE',  ( -0.0000000000000000000, -1.000000000000000000, -0.0000000000000000000 ) ) ;
#753 = CARTESIAN_POINT ( 'NONE',  ( 2.374846250180834950, 0.5000000000000000000, -1.280500631405804279 ) ) ;
#754 = ORIENTED_EDGE ( 'NONE', *, *, #1281, .F. ) ;
#755 = SURFACE_STYLE_USAGE ( .BOTH. , #1158 ) ;
#756 = ADVANCED_FACE ( 'NONE', ( #2466 ), #522, .F. ) ;
#757 =( NAMED_UNIT ( * ) SI_UNIT ( $, .STERADIAN. ) SOLID_ANGLE_UNIT ( ) );
#758 = EDGE_CURVE ( 'NONE', #1456, #143, #1950, .T. ) ;
#759 = LINE ( 'NONE', #2515, #2723 ) ;
#760 = ORIENTED_EDGE ( 'NONE', *, *, #2440, .T. ) ;
#761 = CARTESIAN_POINT ( 'NONE',  ( 2.230670236510295279, 0.5289949493661164626, -1.458835101068350903 ) ) ;
#762 = CARTESIAN_POINT ( 'NONE',  ( 2.443403200231468730, -0.005000000000000000104, 1.600000000000001643 ) ) ;
#763 = CARTESIAN_POINT ( 'NONE',  ( 1.243403200231469663, -0.005000000000000000104, -0.7000000000000003997 ) ) ;
#764 = DIRECTION ( 'NONE',  ( 1.000000000000000000, 0.0000000000000000000, -7.885106708985490020E-16 ) ) ;
#765 = ORIENTED_EDGE ( 'NONE', *, *, #1755, .F. ) ;
#766 = ORIENTED_EDGE ( 'NONE', *, *, #1054, .T. ) ;
#767 =( NAMED_UNIT ( * ) SI_UNIT ( $, .STERADIAN. ) SOLID_ANGLE_UNIT ( ) );
#768 = CARTESIAN_POINT ( 'NONE',  ( 2.443403200231468730, 0.5000000000000000000, 1.600000000000001865 ) ) ;
#769 = EDGE_CURVE ( 'NONE', #1151, #200, #2121, .T. ) ;
#770 = AXIS2_PLACEMENT_3D ( 'NONE', #920, #1377, #2650 ) ;
#771 = VECTOR ( 'NONE', #639, 1000.000000000000000 ) ;
#772 = ORIENTED_EDGE ( 'NONE', *, *, #1679, .T. ) ;
#773 = EDGE_CURVE ( 'NONE', #2724, #445, #544, .T. ) ;
#774 = FACE_OUTER_BOUND ( 'NONE', #2692, .T. ) ;
#775 = VECTOR ( 'NONE', #237, 1000.000000000000000 ) ;
#776 = CIRCLE ( 'NONE', #1349, 0.2000000000000000944 ) ;
#777 = CIRCLE ( 'NONE', #1901, 0.2000000000000003164 ) ;
#778 = DIRECTION ( 'NONE',  ( 0.0000000000000000000, 0.0000000000000000000, 1.000000000000000000 ) ) ;
#779 = CARTESIAN_POINT ( 'NONE',  ( -1.880000000000002336, 0.8400000000000000799, 1.180000000000001714 ) ) ;
#780 = VERTEX_POINT ( 'NONE', #373 ) ;
#781 = ORIENTED_EDGE ( 'NONE', *, *, #2657, .T. ) ;
#782 = DIRECTION ( 'NONE',  ( -0.0000000000000000000, -1.000000000000000000, -0.0000000000000000000 ) ) ;
#783 = DIRECTION ( 'NONE',  ( -0.0000000000000000000, -1.000000000000000000, -0.0000000000000000000 ) ) ;
#784 = VERTEX_POINT ( 'NONE', #801 ) ;
#785 = DIRECTION ( 'NONE',  ( -0.0000000000000000000, -1.000000000000000000, -0.0000000000000000000 ) ) ;
#786 = EDGE_CURVE ( 'NONE', #2015, #1482, #155, .T. ) ;
#787 = FACE_OUTER_BOUND ( 'NONE', #1226, .T. ) ;
#788 = DIRECTION ( 'NONE',  ( 0.0000000000000000000, 0.0000000000000000000, -1.000000000000000000 ) ) ;
#789 = CARTESIAN_POINT ( 'NONE',  ( 2.130000000000001226, 0.5699999999999999512, -1.230000000000002203 ) ) ;
#790 = ORIENTED_EDGE ( 'NONE', *, *, #80, .F. ) ;
#791 = VERTEX_POINT ( 'NONE', #144 ) ;
#792 = CARTESIAN_POINT ( 'NONE',  ( -2.380000000000001670, 0.5289949493661164626, -1.229999999999999760 ) ) ;
#793 = DIRECTION ( 'NONE',  ( -1.000000000000000000, 0.0000000000000000000, -0.0000000000000000000 ) ) ;
#794 = LINE ( 'NONE', #1524, #1627 ) ;
#795 = SURFACE_SIDE_STYLE ('',( #2529 ) ) ;
#796 = VERTEX_POINT ( 'NONE', #1001 ) ;
#797 = CARTESIAN_POINT ( 'NONE',  ( 2.443403200231468286, 0.5000000000000000000, -1.251591226913819632 ) ) ;
#798 = EDGE_CURVE ( 'NONE', #1577, #2615, #597, .T. ) ;
#799 = VERTEX_POINT ( 'NONE', #574 ) ;
#800 = ORIENTED_EDGE ( 'NONE', *, *, #964, .T. ) ;
#801 = CARTESIAN_POINT ( 'NONE',  ( -2.400000000000003464, -0.005000000000000000104, -1.300000000000000266 ) ) ;
#802 = CARTESIAN_POINT ( 'NONE',  ( 2.368474179291863546, 0.5289949493661172397, -1.311394852321861038 ) ) ;
#803 = ADVANCED_FACE ( 'NONE', ( #2065 ), #1111, .F. ) ;
#804 =( NAMED_UNIT ( * ) PLANE_ANGLE_UNIT ( ) SI_UNIT ( $, .RADIAN. ) );
#805 = CIRCLE ( 'NONE', #2075, 0.2000000000000003164 ) ;
#806 = AXIS2_PLACEMENT_3D ( 'NONE', #1990, #447, #491 ) ;
#807 = VECTOR ( 'NONE', #2685, 1000.000000000000000 ) ;
#808 = CARTESIAN_POINT ( 'NONE',  ( -2.442510752113328465, 0.5000000000000002220, 1.310450736058159871 ) ) ;
#809 = VECTOR ( 'NONE', #2043, 1000.000000000000000 ) ;
#810 =( GEOMETRIC_REPRESENTATION_CONTEXT ( 3 ) GLOBAL_UNCERTAINTY_ASSIGNED_CONTEXT ( ( #1619 ) ) GLOBAL_UNIT_ASSIGNED_CONTEXT ( ( #2749, #804, #757 ) ) REPRESENTATION_CONTEXT ( 'NONE', 'WORKASPACE' ) );
#811 = FACE_OUTER_BOUND ( 'NONE', #512, .T. ) ;
#812 = VECTOR ( 'NONE', #201, 1000.000000000000000 ) ;
#813 = VECTOR ( 'NONE', #1219, 1000.000000000000000 ) ;
#814 = DIRECTION ( 'NONE',  ( -0.0000000000000000000, -1.000000000000000000, -0.0000000000000000000 ) ) ;
#815 = AXIS2_PLACEMENT_3D ( 'NONE', #428, #2332, #1938 ) ;
#816 = LINE ( 'NONE', #830, #734 ) ;
#817 = SURFACE_SIDE_STYLE ('',( #2776 ) ) ;
#818 = CARTESIAN_POINT ( 'NONE',  ( 2.105000000000001315, 0.8499999999999999778, -1.330000000000001847 ) ) ;
#819 = VERTEX_POINT ( 'NONE', #355 ) ;
#820 = CARTESIAN_POINT ( 'NONE',  ( -2.105000000000000426, 0.7999999999999999334, 1.205000000000001625 ) ) ;
#821 = EDGE_CURVE ( 'NONE', #796, #126, #1079, .T. ) ;
#822 = DIRECTION ( 'NONE',  ( 1.000000000000000000, -0.0000000000000000000, 0.0000000000000000000 ) ) ;
#823 = ORIENTED_EDGE ( 'NONE', *, *, #2702, .T. ) ;
#824 = FILL_AREA_STYLE_COLOUR ( '', #2589 ) ;
#825 = B_SPLINE_CURVE_WITH_KNOTS ( 'NONE', 3,
 ( #2791, #2345, #427, #1280 ),
 .UNSPECIFIED., .F., .F.,
 ( 4, 4 ),
 ( 0.0000000000000000000, 1.000000000000000000 ),
 .UNSPECIFIED. ) ;
#826 = CARTESIAN_POINT ( 'NONE',  ( 2.297880283917973276, 0.5605645267638179607, 1.415427007130750203 ) ) ;
#827 = CARTESIAN_POINT ( 'NONE',  ( -1.300000000000002709, -0.005000000000000000104, -1.500000000000000000 ) ) ;
#828 = ORIENTED_EDGE ( 'NONE', *, *, #1794, .F. ) ;
#829 = ORIENTED_EDGE ( 'NONE', *, *, #1072, .T. ) ;
#830 = CARTESIAN_POINT ( 'NONE',  ( -1.300000000000002931, -0.005000000000000000104, -1.500000000000000000 ) ) ;
#831 = CARTESIAN_POINT ( 'NONE',  ( 2.419838203701528023, 0.4999999999999998890, 1.371506592459897256 ) ) ;
#832 = CARTESIAN_POINT ( 'NONE',  ( 2.105000000000001315, 0.8499999999999999778, -1.205000000000001625 ) ) ;
#833 = LINE ( 'NONE', #643, #952 ) ;
#834 = VERTEX_POINT ( 'NONE', #1433 ) ;
#835 = CARTESIAN_POINT ( 'NONE',  ( 2.230000000000001315, 0.7999999999999999334, 1.230000000000001759 ) ) ;
#836 = EDGE_LOOP ( 'NONE', ( #2539, #2736, #1195, #800 ) ) ;
#837 = DIRECTION ( 'NONE',  ( 0.0000000000000000000, 0.0000000000000000000, -1.000000000000000000 ) ) ;
#838 = VERTEX_POINT ( 'NONE', #2251 ) ;
#839 = ADVANCED_FACE ( 'NONE', ( #1171 ), #1693, .F. ) ;
#840 = DIRECTION ( 'NONE',  ( -0.0000000000000000000, -1.000000000000000000, 0.0000000000000000000 ) ) ;
#841 = DIRECTION ( 'NONE',  ( -0.0000000000000000000, -1.000000000000000000, -0.0000000000000000000 ) ) ;
#842 = ORIENTED_EDGE ( 'NONE', *, *, #1699, .F. ) ;
#843 = FILL_AREA_STYLE_COLOUR ( '', #1945 ) ;
#844 =( BOUNDED_SURFACE ( )  B_SPLINE_SURFACE ( 3, 3, ( 
 ( #1541, #2661, #1555, #2689 ),
 ( #1571, #1356, #2414, #2224 ),
 ( #2237, #2461, #1143, #887 ),
 ( #2017, #2472, #699, #1154 ) ),
 .UNSPECIFIED., .F., .F., .F. ) 
 B_SPLINE_SURFACE_WITH_KNOTS ( ( 4, 4 ),
 ( 4, 4 ),
 ( 0.0000000000000000000, 1.000000000000000000 ),
 ( 0.0000000000000000000, 1.000000000000000000 ),
 .UNSPECIFIED. ) 
 GEOMETRIC_REPRESENTATION_ITEM ( )  RATIONAL_B_SPLINE_SURFACE ( (
 ( 1.000000000000000000, 0.9857375032691509942, 0.9857375032691509942, 1.000000000000000000),
 ( 0.8047378541243643824, 0.7932602831107251617, 0.7932602831107251617, 0.8047378541243643824),
 ( 0.8047378541243643824, 0.7932602831107251617, 0.7932602831107251617, 0.8047378541243643824),
 ( 1.000000000000000000, 0.9857375032691509942, 0.9857375032691509942, 1.000000000000000000) ) ) 
 REPRESENTATION_ITEM ( '' )  SURFACE ( )  );
#845 = CARTESIAN_POINT ( 'NONE',  ( 2.105000000000001315, 0.8499999999999999778, -1.205000000000001625 ) ) ;
#846 = EDGE_LOOP ( 'NONE', ( #2672, #596, #38, #1765, #1000, #302, #165, #1036, #311, #354, #1561, #626 ) ) ;
#847 = SURFACE_STYLE_FILL_AREA ( #627 ) ;
#848 = VERTEX_POINT ( 'NONE', #1678 ) ;
#849 = ADVANCED_FACE ( 'NONE', ( #622 ), #2597, .F. ) ;
#850 = CARTESIAN_POINT ( 'NONE',  ( 2.380000012851690716, 0.5060018466895082057, 1.247269620004538559 ) ) ;
#851 = PRESENTATION_STYLE_ASSIGNMENT (( #1949 ) ) ;
#852 = VECTOR ( 'NONE', #2576, 1000.000000000000000 ) ;
#853 = AXIS2_PLACEMENT_3D ( 'NONE', #647, #433, #232 ) ;
#854 = EDGE_CURVE ( 'NONE', #95, #1880, #816, .T. ) ;
#855 = SURFACE_STYLE_USAGE ( .BOTH. , #2800 ) ;
#856 = LINE ( 'NONE', #2577, #1125 ) ;
#857 = CIRCLE ( 'NONE', #2449, 0.2000000000000003164 ) ;
#858 = EDGE_LOOP ( 'NONE', ( #492, #395, #896, #1929 ) ) ;
#859 = CARTESIAN_POINT ( 'NONE',  ( 2.230670236510295279, 0.5000000000000004441, 1.458835101068350459 ) ) ;
#860 = LINE ( 'NONE', #2598, #2583 ) ;
#861 = VECTOR ( 'NONE', #1616, 1000.000000000000000 ) ;
#862 = ORIENTED_EDGE ( 'NONE', *, *, #2743, .F. ) ;
#863 = DIRECTION ( 'NONE',  ( 1.000000000000000000, -0.0000000000000000000, 0.0000000000000000000 ) ) ;
#864 = VECTOR ( 'NONE', #1310, 1000.000000000000000 ) ;
#865 = VERTEX_POINT ( 'NONE', #2113 ) ;
#866 = LINE ( 'NONE', #1527, #2253 ) ;
#867 = DIRECTION ( 'NONE',  ( 0.0000000000000000000, 0.0000000000000000000, 1.000000000000000000 ) ) ;
#868 = ORIENTED_EDGE ( 'NONE', *, *, #85, .T. ) ;
#869 = LINE ( 'NONE', #2622, #735 ) ;
#870 = DIRECTION ( 'NONE',  ( 1.000000000000000000, 0.0000000000000000000, 4.772643433584182184E-17 ) ) ;
#871 = DIRECTION ( 'NONE',  ( 6.505213034913037648E-15, 0.0000000000000000000, -1.000000000000000000 ) ) ;
#872 =( NAMED_UNIT ( * ) PLANE_ANGLE_UNIT ( ) SI_UNIT ( $, .RADIAN. ) );
#873 = CARTESIAN_POINT ( 'NONE',  ( -2.200000000000002842, -0.005000000000000000104, -1.499999999999999778 ) ) ;
#874 = ADVANCED_FACE ( 'NONE', ( #1291 ), #2342, .F. ) ;
#875 = DIRECTION ( 'NONE',  ( 0.0000000000000000000, 1.000000000000000000, 0.0000000000000000000 ) ) ;
#876 = ORIENTED_EDGE ( 'NONE', *, *, #1499, .T. ) ;
#877 = DIRECTION ( 'NONE',  ( -0.0000000000000000000, 0.0000000000000000000, -1.000000000000000000 ) ) ;
#878 = ORIENTED_EDGE ( 'NONE', *, *, #2176, .T. ) ;
#879 = SURFACE_SIDE_STYLE ('',( #2741 ) ) ;
#880 = ORIENTED_EDGE ( 'NONE', *, *, #987, .F. ) ;
#881 = LINE ( 'NONE', #1550, #280 ) ;
#882 = CARTESIAN_POINT ( 'NONE',  ( -2.200000000000002842, -0.005000000000000000104, -1.599999999999999867 ) ) ;
#883 = ORIENTED_EDGE ( 'NONE', *, *, #295, .T. ) ;
#884 = FACE_OUTER_BOUND ( 'NONE', #595, .T. ) ;
#885 = CARTESIAN_POINT ( 'NONE',  ( 2.325788770616014745, 0.5699987028266085831, -1.387360536463924099 ) ) ;
#886 = EDGE_CURVE ( 'NONE', #127, #1369, #1935, .T. ) ;
#887 = CARTESIAN_POINT ( 'NONE',  ( 2.230670236510295723, 0.5289949493661164626, 1.458835101068351126 ) ) ;
#888 = CARTESIAN_POINT ( 'NONE',  ( 2.380000000000001670, 0.7999999999999999334, -1.230000000000001315 ) ) ;
#889 = CARTESIAN_POINT ( 'NONE',  ( -2.380000000000002558, 0.5699999999999999512, 1.229999999999999982 ) ) ;
#890 = ORIENTED_EDGE ( 'NONE', *, *, #548, .F. ) ;
#891 = CARTESIAN_POINT ( 'NONE',  ( -2.200000000000002842, -0.005000000000000000104, -1.499999999999999778 ) ) ;
#892 = EDGE_CURVE ( 'NONE', #181, #2394, #1264, .T. ) ;
#893 = ORIENTED_EDGE ( 'NONE', *, *, #2600, .F. ) ;
#894 = DIRECTION ( 'NONE',  ( -0.0000000000000000000, -1.000000000000000000, -0.0000000000000000000 ) ) ;
#895 = FACE_BOUND ( 'NONE', #1961, .T. ) ;
#896 = ORIENTED_EDGE ( 'NONE', *, *, #619, .F. ) ;
#897 = DIRECTION ( 'NONE',  ( 0.0000000000000000000, -1.000000000000000000, -0.0000000000000000000 ) ) ;
#898 = CARTESIAN_POINT ( 'NONE',  ( 2.443403200231469174, 0.5000000000000000000, 1.400000000000001910 ) ) ;
#899 = CARTESIAN_POINT ( 'NONE',  ( -2.500000000000000000, 0.0000000000000000000, 0.7000000000000025091 ) ) ;
#900 = ORIENTED_EDGE ( 'NONE', *, *, #2326, .T. ) ;
#901 = AXIS2_PLACEMENT_3D ( 'NONE', #1962, #894, #1757 ) ;
#902 = DIRECTION ( 'NONE',  ( -0.0000000000000000000, -1.000000000000000000, -0.0000000000000000000 ) ) ;
#903 = CARTESIAN_POINT ( 'NONE',  ( -2.104999999999999982, 0.8499999999999999778, -1.330000000000001847 ) ) ;
#904 = COLOUR_RGB ( '',0.7529411764705882248, 0.7529411764705882248, 0.7529411764705882248 ) ;
#905 = VECTOR ( 'NONE', #746, 1000.000000000000000 ) ;
#906 = LINE ( 'NONE', #2194, #733 ) ;
#907 = VECTOR ( 'NONE', #1826, 1000.000000000000000 ) ;
#908 = CIRCLE ( 'NONE', #2, 0.06999999999999996503 ) ;
#909 = CARTESIAN_POINT ( 'NONE',  ( -2.230000000000000426, 0.8499999999999999778, -1.205000000000000515 ) ) ;
#910 = ORIENTED_EDGE ( 'NONE', *, *, #2801, .F. ) ;
#911 = CARTESIAN_POINT ( 'NONE',  ( 2.443403200231468286, -0.005000000000000000104, -1.300000000000000488 ) ) ;
#912 = AXIS2_PLACEMENT_3D ( 'NONE', #2040, #752, #1608 ) ;
#913 = ADVANCED_FACE ( 'NONE', ( #1889 ), #1496, .F. ) ;
#914 = VECTOR ( 'NONE', #301, 1000.000000000000000 ) ;
#915 = EDGE_LOOP ( 'NONE', ( #2444, #2666, #1286, #1996 ) ) ;
#916 = DIRECTION ( 'NONE',  ( 0.0000000000000000000, 1.000000000000000000, -0.0000000000000000000 ) ) ;
#917 = DIRECTION ( 'NONE',  ( 1.000000000000000000, 0.0000000000000000000, 4.772643433584182184E-17 ) ) ;
#918 = VERTEX_POINT ( 'NONE', #903 ) ;
#919 = DIRECTION ( 'NONE',  ( -0.0000000000000000000, -1.000000000000000000, -0.0000000000000000000 ) ) ;
#920 = CARTESIAN_POINT ( 'NONE',  ( -2.500000000000001776, -0.005000000000000000104, 1.300000000000002709 ) ) ;
#921 = CARTESIAN_POINT ( 'NONE',  ( -1.300000000000002487, 0.0000000000000000000, -0.6999999999999999556 ) ) ;
#922 = ORIENTED_EDGE ( 'NONE', *, *, #1354, .F. ) ;
#923 = CARTESIAN_POINT ( 'NONE',  ( 2.343403200231469530, -0.005000000000000000104, 0.7000000000000017319 ) ) ;
#924 =( NAMED_UNIT ( * ) PLANE_ANGLE_UNIT ( ) SI_UNIT ( $, .RADIAN. ) );
#925 = ORIENTED_EDGE ( 'NONE', *, *, #1525, .F. ) ;
#926 = EDGE_CURVE ( 'NONE', #687, #172, #498, .T. ) ;
#927 = CARTESIAN_POINT ( 'NONE',  ( 2.143403200231469352, 0.5000000000000000000, -1.600000000000000533 ) ) ;
#928 = EDGE_CURVE ( 'NONE', #661, #1611, #712, .T. ) ;
#929 = CARTESIAN_POINT ( 'NONE',  ( 2.450000000000001066, 0.5696884655650686913, -1.230000000000000426 ) ) ;
#930 = ORIENTED_EDGE ( 'NONE', *, *, #1413, .T. ) ;
#931 = ORIENTED_EDGE ( 'NONE', *, *, #1879, .F. ) ;
#932 = LINE ( 'NONE', #1800, #637 ) ;
#933 = ORIENTED_EDGE ( 'NONE', *, *, #1383, .T. ) ;
#934 = DIRECTION ( 'NONE',  ( -0.0000000000000000000, -1.000000000000000000, -0.0000000000000000000 ) ) ;
#935 = DIRECTION ( 'NONE',  ( 0.0000000000000000000, -0.0000000000000000000, 1.000000000000000000 ) ) ;
#936 = CARTESIAN_POINT ( 'NONE',  ( -2.200000000000002842, -0.005000000000000000104, -1.499999999999999778 ) ) ;
#937 = CARTESIAN_POINT ( 'NONE',  ( -2.500000000000000000, 0.5000000000000000000, -1.599999999999999201 ) ) ;
#938 = ORIENTED_EDGE ( 'NONE', *, *, #1876, .T. ) ;
#939 = EDGE_CURVE ( 'NONE', #965, #2147, #1121, .T. ) ;
#940 = CARTESIAN_POINT ( 'NONE',  ( -2.500000000000000000, 0.0000000000000000000, -0.7000000000000003997 ) ) ;
#941 = PLANE ( 'NONE',  #1305 ) ;
#942 =( LENGTH_UNIT ( ) NAMED_UNIT ( * ) SI_UNIT ( .MILLI., .METRE. ) );
#943 = ADVANCED_FACE ( 'NONE', ( #300 ), #473, .F. ) ;
#944 = ORIENTED_EDGE ( 'NONE', *, *, #616, .T. ) ;
#945 = CIRCLE ( 'NONE', #1402, 0.2500000000000000000 ) ;
#946 = ORIENTED_EDGE ( 'NONE', *, *, #2131, .T. ) ;
#947 = DIRECTION ( 'NONE',  ( 0.0000000000000000000, 0.0000000000000000000, -1.000000000000000000 ) ) ;
#948 = CIRCLE ( 'NONE', #2401, 0.2500000000000002220 ) ;
#949 = CIRCLE ( 'NONE', #2635, 0.06999999999999982625 ) ;
#950 = CARTESIAN_POINT ( 'NONE',  ( -1.300000000000002265, -0.005000000000000000104, 0.7000000000000017319 ) ) ;
#951 = AXIS2_PLACEMENT_3D ( 'NONE', #1841, #583, #1665 ) ;
#952 = VECTOR ( 'NONE', #2809, 1000.000000000000000 ) ;
#953 = CARTESIAN_POINT ( 'NONE',  ( 1.243403200231469663, 0.0000000000000000000, 0.7000000000000016209 ) ) ;
#954 = PRESENTATION_LAYER_ASSIGNMENT (  '', '', ( #1176 ) ) ;
#955 = ORIENTED_EDGE ( 'NONE', *, *, #821, .T. ) ;
#956 = CARTESIAN_POINT ( 'NONE',  ( 2.218100812616267792, 0.4999999999999997780, -1.540838984164087044 ) ) ;
#957 = DIRECTION ( 'NONE',  ( 1.000000000000000000, 0.0000000000000000000, -0.0000000000000000000 ) ) ;
#958 = DIRECTION ( 'NONE',  ( 0.0000000000000000000, -1.000000000000000000, -3.097720492815728645E-15 ) ) ;
#959 = CARTESIAN_POINT ( 'NONE',  ( 2.380000000000001670, 0.5696884655650695795, -1.230000000000000870 ) ) ;
#960 = ADVANCED_FACE ( 'NONE', ( #2193 ), #2787, .F. ) ;
#961 = ORIENTED_EDGE ( 'NONE', *, *, #80, .T. ) ;
#962 = ORIENTED_EDGE ( 'NONE', *, *, #1200, .F. ) ;
#963 = CARTESIAN_POINT ( 'NONE',  ( -2.130000000000000782, 0.5289949493661164626, -1.480000000000001759 ) ) ;
#964 = EDGE_CURVE ( 'NONE', #272, #560, #908, .T. ) ;
#965 = VERTEX_POINT ( 'NONE', #103 ) ;
#966 = DIRECTION ( 'NONE',  ( -1.000000000000000000, -0.0000000000000000000, -0.0000000000000000000 ) ) ;
#967 = DIRECTION ( 'NONE',  ( 0.0000000000000000000, -0.0000000000000000000, 1.000000000000000000 ) ) ;
#968 = ORIENTED_EDGE ( 'NONE', *, *, #2276, .T. ) ;
#969 = CARTESIAN_POINT ( 'NONE',  ( -2.380000000000003446, 0.5289949493661166846, 1.376446609406726918 ) ) ;
#970 = DIRECTION ( 'NONE',  ( -1.000000000000000000, 0.0000000000000000000, -0.0000000000000000000 ) ) ;
#971 = CARTESIAN_POINT ( 'NONE',  ( -2.200000000000001954, 0.5000000000000000000, 1.600000000000001865 ) ) ;
#972 = ORIENTED_EDGE ( 'NONE', *, *, #1592, .T. ) ;
#973 = EDGE_CURVE ( 'NONE', #1185, #127, #1622, .T. ) ;
#974 = VERTEX_POINT ( 'NONE', #2062 ) ;
#975 = CARTESIAN_POINT ( 'NONE',  ( -2.380000000000002558, 0.5699999999999999512, -1.229999999999999760 ) ) ;
#976 = EDGE_CURVE ( 'NONE', #1654, #1237, #558, .T. ) ;
#977 = FACE_OUTER_BOUND ( 'NONE', #257, .T. ) ;
#978 = CARTESIAN_POINT ( 'NONE',  ( -2.500000000000000000, 0.0000000000000000000, 1.500000000000001998 ) ) ;
#979 = CARTESIAN_POINT ( 'NONE',  ( 2.443403200231468286, 0.5000000000000000000, -1.294640808199428506 ) ) ;
#980 = CARTESIAN_POINT ( 'NONE',  ( 2.443403200231468286, 0.5000000000000000000, -1.273602767571498928 ) ) ;
#981 = VERTEX_POINT ( 'NONE', #2733 ) ;
#982 = ORIENTED_EDGE ( 'NONE', *, *, #928, .F. ) ;
#983 = PLANE ( 'NONE',  #1994 ) ;
#984 = VECTOR ( 'NONE', #1979, 1000.000000000000000 ) ;
#985 = CARTESIAN_POINT ( 'NONE',  ( 2.230000000000001315, 0.8499999999999999778, 1.205000000000001181 ) ) ;
#986 = VECTOR ( 'NONE', #49, 1000.000000000000000 ) ;
#987 = EDGE_CURVE ( 'NONE', #1611, #175, #1031, .T. ) ;
#988 = VECTOR ( 'NONE', #1034, 1000.000000000000000 ) ;
#989 = AXIS2_PLACEMENT_3D ( 'NONE', #1429, #2493, #788 ) ;
#990 = ORIENTED_EDGE ( 'NONE', *, *, #2801, .T. ) ;
#991 = CARTESIAN_POINT ( 'NONE',  ( 2.129999999999999449, 0.5700000000000000622, -1.480000000000001759 ) ) ;
#992 = STYLED_ITEM ( 'NONE', ( #24 ), #2115 ) ;
#993 = EDGE_CURVE ( 'NONE', #1914, #1681, #2707, .T. ) ;
#994 = AXIS2_PLACEMENT_3D ( 'NONE', #1061, #1288, #2156 ) ;
#995 = PLANE ( 'NONE',  #271 ) ;
#996 = VECTOR ( 'NONE', #2675, 1000.000000000000000 ) ;
#997 = DIRECTION ( 'NONE',  ( -1.000000000000000000, -0.0000000000000000000, 0.0000000000000000000 ) ) ;
#998 = CARTESIAN_POINT ( 'NONE',  ( -2.200000000000001954, -0.005000000000000000104, 1.500000000000002665 ) ) ;
#999 = EDGE_LOOP ( 'NONE', ( #1934, #931, #1981, #607 ) ) ;
#1000 = ORIENTED_EDGE ( 'NONE', *, *, #2702, .F. ) ;
#1001 = CARTESIAN_POINT ( 'NONE',  ( 2.374846250180834950, 0.5699999999999999512, -1.280500631405804057 ) ) ;
#1002 = DIRECTION ( 'NONE',  ( 1.000000000000000000, 0.0000000000000000000, 0.0000000000000000000 ) ) ;
#1003 = ADVANCED_FACE ( 'NONE', ( #124 ), #2072, .F. ) ;
#1004 = CARTESIAN_POINT ( 'NONE',  ( -2.371618396464847844, 0.5000000000000000000, 1.441074174368448535 ) ) ;
#1005 = EDGE_LOOP ( 'NONE', ( #1250, #2710, #962, #1313 ) ) ;
#1006 = CARTESIAN_POINT ( 'NONE',  ( 2.230670236510294835, 0.5700000000000000622, -1.458835101068351126 ) ) ;
#1007 =( NAMED_UNIT ( * ) SI_UNIT ( $, .STERADIAN. ) SOLID_ANGLE_UNIT ( ) );
#1008 = EDGE_CURVE ( 'NONE', #1988, #848, #2528, .T. ) ;
#1009 = CARTESIAN_POINT ( 'NONE',  ( 2.143403200231469352, -0.005000000000000000104, 1.500000000000001998 ) ) ;
#1010 = DIRECTION ( 'NONE',  ( -1.000000000000000000, 0.0000000000000000000, 9.637352644315598694E-16 ) ) ;
#1011 = EDGE_LOOP ( 'NONE', ( #1470, #862, #2810, #1460 ) ) ;
#1012 = EDGE_LOOP ( 'NONE', ( #1321, #1167, #2764, #1975 ) ) ;
#1013 = CARTESIAN_POINT ( 'NONE',  ( -2.171187300371576256, 0.5000000000000000000, -1.550000000000002265 ) ) ;
#1014 = ORIENTED_EDGE ( 'NONE', *, *, #1075, .T. ) ;
#1015 = CARTESIAN_POINT ( 'NONE',  ( -2.500000000000000000, 0.5000000000000000000, -1.599999999999999201 ) ) ;
#1016 = CARTESIAN_POINT ( 'NONE',  ( -2.130000000000000782, 0.5000000000000000000, 1.550000000000001821 ) ) ;
#1017 = CARTESIAN_POINT ( 'NONE',  ( 2.230670236510295279, 0.5699999999999999512, 1.458835101068350681 ) ) ;
#1018 = CARTESIAN_POINT ( 'NONE',  ( -2.500000000000000000, 0.0000000000000000000, 1.300000000000001821 ) ) ;
#1019 = EDGE_CURVE ( 'NONE', #1912, #2184, #329, .T. ) ;
#1020 = ORIENTED_EDGE ( 'NONE', *, *, #1776, .F. ) ;
#1021 = CARTESIAN_POINT ( 'NONE',  ( -2.300000000000002043, 0.5000000000000000000, -1.600000000000000755 ) ) ;
#1022 = SURFACE_STYLE_USAGE ( .BOTH. , #2291 ) ;
#1023 = EDGE_CURVE ( 'NONE', #661, #2652, #138, .T. ) ;
#1024 = LINE ( 'NONE', #2763, #1820 ) ;
#1025 = ORIENTED_EDGE ( 'NONE', *, *, #1230, .F. ) ;
#1026 = AXIS2_PLACEMENT_3D ( 'NONE', #1660, #2050, #292 ) ;
#1027 = STYLED_ITEM ( 'NONE', ( #66 ), #1468 ) ;
#1028 = CIRCLE ( 'NONE', #174, 0.1250000000000001110 ) ;
#1029 = DIRECTION ( 'NONE',  ( 0.0000000000000000000, 0.0000000000000000000, -1.000000000000000000 ) ) ;
#1030 = VECTOR ( 'NONE', #340, 1000.000000000000000 ) ;
#1031 = CIRCLE ( 'NONE', #989, 0.2500000000000000000 ) ;
#1032 = DIRECTION ( 'NONE',  ( 0.0000000000000000000, -0.0000000000000000000, 1.000000000000000000 ) ) ;
#1033 = CIRCLE ( 'NONE', #1131, 0.2000000000000003164 ) ;
#1034 = DIRECTION ( 'NONE',  ( -1.000000000000000000, -0.0000000000000000000, 0.0000000000000000000 ) ) ;
#1035 = ORIENTED_EDGE ( 'NONE', *, *, #1128, .T. ) ;
#1036 = ORIENTED_EDGE ( 'NONE', *, *, #2654, .F. ) ;
#1037 = EDGE_CURVE ( 'NONE', #2509, #1988, #1998, .T. ) ;
#1038 = CARTESIAN_POINT ( 'NONE',  ( -2.500000000000000000, 0.5000000000000000000, 1.550000000000001599 ) ) ;
#1039 = CARTESIAN_POINT ( 'NONE',  ( 2.238181501231908843, 0.5699999999999999512, -1.455530709423511704 ) ) ;
#1040 = ORIENTED_EDGE ( 'NONE', *, *, #1592, .F. ) ;
#1041 = PLANE ( 'NONE',  #1169 ) ;
#1042 = EDGE_CURVE ( 'NONE', #819, #2659, #366, .T. ) ;
#1043 = EDGE_LOOP ( 'NONE', ( #208, #925, #1545, #982 ) ) ;
#1044 = CARTESIAN_POINT ( 'NONE',  ( 2.443403200231469174, -0.005000000000000008778, 1.300000000000001821 ) ) ;
#1045 = ORIENTED_EDGE ( 'NONE', *, *, #2131, .F. ) ;
#1046 = LINE ( 'NONE', #2770, #812 ) ;
#1047 = DIRECTION ( 'NONE',  ( -0.0000000000000000000, -1.000000000000000000, -0.0000000000000000000 ) ) ;
#1048 = DIRECTION ( 'NONE',  ( -0.9153404042733961354, -0.0000000000000000000, 0.4026809460411751584 ) ) ;
#1049 = ORIENTED_EDGE ( 'NONE', *, *, #535, .T. ) ;
#1050 = VERTEX_POINT ( 'NONE', #1009 ) ;
#1051 = DIRECTION ( 'NONE',  ( -0.0000000000000000000, -1.000000000000000000, -0.0000000000000000000 ) ) ;
#1052 = DIRECTION ( 'NONE',  ( -3.097720492815724700E-16, -0.0000000000000000000, -1.000000000000000000 ) ) ;
#1053 = DIRECTION ( 'NONE',  ( -0.0000000000000000000, -1.000000000000000000, -0.0000000000000000000 ) ) ;
#1054 = EDGE_CURVE ( 'NONE', #272, #2385, #1164, .T. ) ;
#1055 = PRESENTATION_STYLE_ASSIGNMENT (( #2568 ) ) ;
#1056 = ORIENTED_EDGE ( 'NONE', *, *, #1426, .F. ) ;
#1057 = ADVANCED_FACE ( 'NONE', ( #739 ), #1640, .T. ) ;
#1058 = ORIENTED_EDGE ( 'NONE', *, *, #470, .F. ) ;
#1059 = ORIENTED_EDGE ( 'NONE', *, *, #2111, .F. ) ;
#1060 = PLANE ( 'NONE',  #2264 ) ;
#1061 = CARTESIAN_POINT ( 'NONE',  ( -2.500000000000000888, 0.5000000000000000000, 1.600000000000001643 ) ) ;
#1062 = DIRECTION ( 'NONE',  ( 1.000000000000000000, 0.0000000000000000000, -0.0000000000000000000 ) ) ;
#1063 = ORIENTED_EDGE ( 'NONE', *, *, #2714, .F. ) ;
#1064 = DIRECTION ( 'NONE',  ( -0.0000000000000000000, -1.000000000000000000, 0.0000000000000000000 ) ) ;
#1065 = DIRECTION ( 'NONE',  ( 0.0000000000000000000, 0.0000000000000000000, -1.000000000000000000 ) ) ;
#1066 = VERTEX_POINT ( 'NONE', #2481 ) ;
#1067 = FILL_AREA_STYLE_COLOUR ( '', #93 ) ;
#1068 = VERTEX_POINT ( 'NONE', #540 ) ;
#1069 = DIRECTION ( 'NONE',  ( 0.0000000000000000000, 1.000000000000000000, 0.0000000000000000000 ) ) ;
#1070 = PLANE ( 'NONE',  #806 ) ;
#1071 = ORIENTED_EDGE ( 'NONE', *, *, #1666, .T. ) ;
#1072 = EDGE_CURVE ( 'NONE', #1589, #1405, #1181, .T. ) ;
#1073 = CARTESIAN_POINT ( 'NONE',  ( 2.143403200231469352, -0.005000000000000000104, -1.500000000000000444 ) ) ;
#1074 = PLANE ( 'NONE',  #141 ) ;
#1075 = EDGE_CURVE ( 'NONE', #838, #1237, #1837, .T. ) ;
#1076 = CARTESIAN_POINT ( 'NONE',  ( -1.300000000000002265, -0.005000000000000000104, -0.6999999999999999556 ) ) ;
#1077 = VECTOR ( 'NONE', #2164, 1000.000000000000000 ) ;
#1078 = AXIS2_PLACEMENT_3D ( 'NONE', #2263, #1412, #2721 ) ;
#1079 = CIRCLE ( 'NONE', #951, 0.2500000000000002220 ) ;
#1080 = CARTESIAN_POINT ( 'NONE',  ( -2.500000000000002665, 0.0000000000000000000, -1.599999999999999201 ) ) ;
#1081 =( NAMED_UNIT ( * ) PLANE_ANGLE_UNIT ( ) SI_UNIT ( $, .RADIAN. ) );
#1082 = FACE_OUTER_BOUND ( 'NONE', #1094, .T. ) ;
#1083 = VECTOR ( 'NONE', #1562, 1000.000000000000000 ) ;
#1084 = MECHANICAL_DESIGN_GEOMETRIC_PRESENTATION_REPRESENTATION (  '', ( #2644 ), #2074 ) ;
#1085 = VERTEX_POINT ( 'NONE', #1419 ) ;
#1086 = ORIENTED_EDGE ( 'NONE', *, *, #535, .F. ) ;
#1087 = FILL_AREA_STYLE_COLOUR ( '', #1942 ) ;
#1088 = ORIENTED_EDGE ( 'NONE', *, *, #1862, .T. ) ;
#1089 = PLANE ( 'NONE',  #1951 ) ;
#1090 = EDGE_CURVE ( 'NONE', #1145, #1474, #1205, .T. ) ;
#1091 = LINE ( 'NONE', #2451, #281 ) ;
#1092 = DIRECTION ( 'NONE',  ( -0.0000000000000000000, -1.000000000000000000, -0.0000000000000000000 ) ) ;
#1093 = ADVANCED_FACE ( 'NONE', ( #811 ), #2771, .F. ) ;
#1094 = EDGE_LOOP ( 'NONE', ( #646, #480, #1346, #1691 ) ) ;
#1095 = DIRECTION ( 'NONE',  ( 0.0000000000000000000, 1.000000000000000000, -0.0000000000000000000 ) ) ;
#1096 = FILL_AREA_STYLE ('',( #458 ) ) ;
#1097 = EDGE_LOOP ( 'NONE', ( #1465, #1344, #754, #1059 ) ) ;
#1098 = CARTESIAN_POINT ( 'NONE',  ( 2.143403200231469352, 0.0000000000000000000, -1.600000000000000533 ) ) ;
#1099 = VERTEX_POINT ( 'NONE', #162 ) ;
#1100 = ORIENTED_EDGE ( 'NONE', *, *, #1019, .T. ) ;
#1101 = LINE ( 'NONE', #1978, #416 ) ;
#1102 = DIRECTION ( 'NONE',  ( 0.0000000000000000000, 0.0000000000000000000, 1.000000000000000000 ) ) ;
#1103 = UNCERTAINTY_MEASURE_WITH_UNIT (LENGTH_MEASURE( 1.000000000000000082E-05 ), #225, 'distance_accuracy_value', 'NONE');
#1104 = VERTEX_POINT ( 'NONE', #618 ) ;
#1105 = SURFACE_STYLE_FILL_AREA ( #1969 ) ;
#1106 = CARTESIAN_POINT ( 'NONE',  ( 2.443403200231468730, 0.5000000000000000000, 1.294640808199425397 ) ) ;
#1107 = EDGE_CURVE ( 'NONE', #2509, #67, #633, .T. ) ;
#1108 = ORIENTED_EDGE ( 'NONE', *, *, #1302, .T. ) ;
#1109 = PLANE ( 'NONE',  #1892 ) ;
#1110 = EDGE_CURVE ( 'NONE', #1511, #1503, #1902, .T. ) ;
#1111 =( BOUNDED_SURFACE ( )  B_SPLINE_SURFACE ( 3, 3, ( 
 ( #1829, #108, #2746, #2524 ),
 ( #1644, #1872, #2511, #313 ),
 ( #963, #2279, #2737, #792 ),
 ( #1424, #1656, #2289, #975 ) ),
 .UNSPECIFIED., .F., .F., .T. ) 
 B_SPLINE_SURFACE_WITH_KNOTS ( ( 4, 4 ),
 ( 4, 4 ),
 ( 0.0000000000000000000, 1.000000000000000000 ),
 ( 0.0000000000000000000, 1.000000000000000000 ),
 .UNSPECIFIED. ) 
 GEOMETRIC_REPRESENTATION_ITEM ( )  RATIONAL_B_SPLINE_SURFACE ( (
 ( 1.000000000000000000, 0.8047378541243613848, 0.8047378541243613848, 1.000000000000000000),
 ( 0.8047378541243643824, 0.6476030138606843067, 0.6476030138606843067, 0.8047378541243643824),
 ( 0.8047378541243643824, 0.6476030138606843067, 0.6476030138606843067, 0.8047378541243643824),
 ( 1.000000000000000000, 0.8047378541243613848, 0.8047378541243613848, 1.000000000000000000) ) ) 
 REPRESENTATION_ITEM ( '' )  SURFACE ( )  );
#1112 = VERTEX_POINT ( 'NONE', #1698 ) ;
#1113 = CARTESIAN_POINT ( 'NONE',  ( 2.443403200231468286, 0.5699999999999999512, -1.294640808199428950 ) ) ;
#1114 =( NAMED_UNIT ( * ) SI_UNIT ( $, .STERADIAN. ) SOLID_ANGLE_UNIT ( ) );
#1115 = ORIENTED_EDGE ( 'NONE', *, *, #2782, .F. ) ;
#1116 = DIRECTION ( 'NONE',  ( 0.0000000000000000000, -0.0000000000000000000, 1.000000000000000000 ) ) ;
#1117 = DIRECTION ( 'NONE',  ( 0.0000000000000000000, 1.000000000000000000, 0.0000000000000000000 ) ) ;
#1118 = EDGE_LOOP ( 'NONE', ( #2266, #462, #1910, #284, #2317, #1731, #1839 ) ) ;
#1119 = AXIS2_PLACEMENT_3D ( 'NONE', #2627, #266, #39 ) ;
#1120 = SURFACE_SIDE_STYLE ('',( #517 ) ) ;
#1121 = LINE ( 'NONE', #2460, #1767 ) ;
#1122 = AXIS2_PLACEMENT_3D ( 'NONE', #1502, #464, #7 ) ;
#1123 = VECTOR ( 'NONE', #1594, 1000.000000000000000 ) ;
#1124 = DIRECTION ( 'NONE',  ( 0.0000000000000000000, -0.0000000000000000000, 1.000000000000000000 ) ) ;
#1125 = VECTOR ( 'NONE', #634, 1000.000000000000000 ) ;
#1126 = VECTOR ( 'NONE', #782, 1000.000000000000000 ) ;
#1127 = DIRECTION ( 'NONE',  ( -0.0000000000000000000, -0.0000000000000000000, 1.000000000000000000 ) ) ;
#1128 = EDGE_CURVE ( 'NONE', #1535, #784, #2141, .T. ) ;
#1129 = EDGE_LOOP ( 'NONE', ( #1977, #1445 ) ) ;
#1130 = CARTESIAN_POINT ( 'NONE',  ( -2.450000000000001954, 0.5000000000000000000, -1.599999999999999201 ) ) ;
#1131 = AXIS2_PLACEMENT_3D ( 'NONE', #2548, #2353, #2784 ) ;
#1132 = EDGE_CURVE ( 'NONE', #389, #1637, #202, .T. ) ;
#1133 = DIRECTION ( 'NONE',  ( 0.2020025256232091393, 0.0000000000000000000, 0.9793850007233340094 ) ) ;
#1134 = SURFACE_SIDE_STYLE ('',( #1316 ) ) ;
#1135 = EDGE_LOOP ( 'NONE', ( #615, #459, #342, #1793 ) ) ;
#1136 = CARTESIAN_POINT ( 'NONE',  ( 2.443403200231469174, 0.5000000000000000000, 1.294640808199424953 ) ) ;
#1137 =( BOUNDED_SURFACE ( )  B_SPLINE_SURFACE ( 3, 2, ( 
 ( #959, #2092, #541 ),
 ( #125, #330, #797 ),
 ( #2742, #2698, #980 ),
 ( #1878, #753, #1850 ) ),
 .UNSPECIFIED., .F., .F., .F. ) 
 B_SPLINE_SURFACE_WITH_KNOTS ( ( 4, 4 ),
 ( 3, 3 ),
 ( 0.0001508932528639685675, 0.0002158784594225848232 ),
 ( 0.0000000000000000000, 1.000000000000000000 ),
 .UNSPECIFIED. ) 
 GEOMETRIC_REPRESENTATION_ITEM ( )  RATIONAL_B_SPLINE_SURFACE ( (
 ( 1.000000000000000000, 0.7396756034550979741, 1.000000000000000000),
 ( 1.000000000000000000, 0.7397409988366825395, 1.000000000000000000),
 ( 1.000000000000000000, 0.7286511104909639824, 1.000000000000000000),
 ( 1.000000000000000000, 0.7071067811865475727, 1.000000000000000000) ) ) 
 REPRESENTATION_ITEM ( '' )  SURFACE ( )  );
#1138 = CARTESIAN_POINT ( 'NONE',  ( -2.130000000000000338, 0.7999999999999999334, 1.480000000000001759 ) ) ;
#1139 = CARTESIAN_POINT ( 'NONE',  ( 2.105000000000000426, 0.8499999999999999778, 1.330000000000002069 ) ) ;
#1140 = ORIENTED_EDGE ( 'NONE', *, *, #1242, .F. ) ;
#1141 = LINE ( 'NONE', #1848, #1481 ) ;
#1142 = CARTESIAN_POINT ( 'NONE',  ( 2.376676947785365535, 0.5000000000000000000, -1.410223386003123469 ) ) ;
#1143 = CARTESIAN_POINT ( 'NONE',  ( 2.198828759856460646, 0.5289949493661165736, 1.472842956378193291 ) ) ;
#1144 = B_SPLINE_CURVE_WITH_KNOTS ( 'NONE', 3,
 ( #64, #2197, #2209, #258 ),
 .UNSPECIFIED., .F., .F.,
 ( 4, 4 ),
 ( 0.0000000000000000000, 0.0001878505463595819651 ),
 .UNSPECIFIED. ) ;
#1145 = VERTEX_POINT ( 'NONE', #2786 ) ;
#1146 = LINE ( 'NONE', #78, #2402 ) ;
#1147 = CARTESIAN_POINT ( 'NONE',  ( 2.258857902713992338, 0.5700000000000000622, -1.522908929375929477 ) ) ;
#1148 = CARTESIAN_POINT ( 'NONE',  ( 2.230000000000001315, 0.8499999999999999778, -1.205000000000000515 ) ) ;
#1149 = ORIENTED_EDGE ( 'NONE', *, *, #854, .F. ) ;
#1150 = LINE ( 'NONE', #82, #1441 ) ;
#1151 = VERTEX_POINT ( 'NONE', #2532 ) ;
#1152 = DIRECTION ( 'NONE',  ( 1.000000000000000000, -0.0000000000000000000, 0.0000000000000000000 ) ) ;
#1153 = CARTESIAN_POINT ( 'NONE',  ( 2.253021318550630259, 0.5699986783509826127, -1.449002305730761719 ) ) ;
#1154 = CARTESIAN_POINT ( 'NONE',  ( 2.230670236510295279, 0.5699999999999999512, 1.458835101068351126 ) ) ;
#1155 = SURFACE_SIDE_STYLE ('',( #727 ) ) ;
#1156 = LINE ( 'NONE', #1751, #914 ) ;
#1157 = ORIENTED_EDGE ( 'NONE', *, *, #2188, .T. ) ;
#1158 = SURFACE_SIDE_STYLE ('',( #303 ) ) ;
#1159 = DIRECTION ( 'NONE',  ( 0.0000000000000000000, 0.0000000000000000000, 1.000000000000000000 ) ) ;
#1160 = EDGE_CURVE ( 'NONE', #2119, #352, #1787, .T. ) ;
#1161 = DIRECTION ( 'NONE',  ( -3.097720492815724700E-16, -0.0000000000000000000, -1.000000000000000000 ) ) ;
#1162 = PRESENTATION_STYLE_ASSIGNMENT (( #2061 ) ) ;
#1163 = ADVANCED_FACE ( 'NONE', ( #2357 ), #1675, .F. ) ;
#1164 = LINE ( 'NONE', #2688, #1537 ) ;
#1165 = FACE_OUTER_BOUND ( 'NONE', #1263, .T. ) ;
#1166 =( GEOMETRIC_REPRESENTATION_CONTEXT ( 3 ) GLOBAL_UNCERTAINTY_ASSIGNED_CONTEXT ( ( #97 ) ) GLOBAL_UNIT_ASSIGNED_CONTEXT ( ( #1956, #872, #2427 ) ) REPRESENTATION_CONTEXT ( 'NONE', 'WORKASPACE' ) );
#1167 = ORIENTED_EDGE ( 'NONE', *, *, #769, .T. ) ;
#1168 = CIRCLE ( 'NONE', #2299, 0.07000000000000018707 ) ;
#1169 = AXIS2_PLACEMENT_3D ( 'NONE', #1270, #863, #443 ) ;
#1170 = ORIENTED_EDGE ( 'NONE', *, *, #1227, .F. ) ;
#1171 = FACE_OUTER_BOUND ( 'NONE', #2365, .T. ) ;
#1172 = AXIS2_PLACEMENT_3D ( 'NONE', #2772, #1686, #2754 ) ;
#1173 = DIRECTION ( 'NONE',  ( 0.0000000000000000000, 1.000000000000000000, 0.0000000000000000000 ) ) ;
#1174 = VECTOR ( 'NONE', #2540, 1000.000000000000000 ) ;
#1175 = CARTESIAN_POINT ( 'NONE',  ( 2.378270229483277820, 0.5698961551883564569, -1.263899878710982527 ) ) ;
#1176 = STYLED_ITEM ( 'NONE', ( #1572 ), #1376 ) ;
#1177 = ORIENTED_EDGE ( 'NONE', *, *, #1336, .T. ) ;
#1178 = CARTESIAN_POINT ( 'NONE',  ( 2.174526702772681563, 0.4999999999999997780, -1.550000000000002709 ) ) ;
#1179 = ADVANCED_FACE ( 'NONE', ( #421 ), #392, .F. ) ;
#1180 = DIRECTION ( 'NONE',  ( -3.097720492815724700E-16, 0.0000000000000000000, -1.000000000000000000 ) ) ;
#1181 = LINE ( 'NONE', #569, #2350 ) ;
#1182 = CARTESIAN_POINT ( 'NONE',  ( 2.258857902733178324, 0.5000000000000000000, 1.522908929367488673 ) ) ;
#1183 = ADVANCED_FACE ( 'NONE', ( #2339 ), #403, .T. ) ;
#1184 = VERTEX_POINT ( 'NONE', #469 ) ;
#1185 = VERTEX_POINT ( 'NONE', #1763 ) ;
#1186 = DIRECTION ( 'NONE',  ( -0.0000000000000000000, -1.000000000000000000, -0.0000000000000000000 ) ) ;
#1187 = PLANE ( 'NONE',  #1995 ) ;
#1188 = EDGE_LOOP ( 'NONE', ( #933, #2267, #2670, #705 ) ) ;
#1189 = CARTESIAN_POINT ( 'NONE',  ( -2.500000000000001776, -0.005000000000000000104, 1.300000000000002709 ) ) ;
#1190 = UNCERTAINTY_MEASURE_WITH_UNIT (LENGTH_MEASURE( 1.000000000000000082E-05 ), #2669, 'distance_accuracy_value', 'NONE');
#1191 =( NAMED_UNIT ( * ) SI_UNIT ( $, .STERADIAN. ) SOLID_ANGLE_UNIT ( ) );
#1192 = CARTESIAN_POINT ( 'NONE',  ( 2.230670236504424864, 0.4999999999895339275, -1.458835101070933948 ) ) ;
#1193 = PRODUCT_RELATED_PRODUCT_CATEGORY ( 'part', '', ( #2247 ) ) ;
#1194 = CARTESIAN_POINT ( 'NONE',  ( -2.300000000000001155, -0.005000000000000013115, 1.600000000000001865 ) ) ;
#1195 = ORIENTED_EDGE ( 'NONE', *, *, #2381, .F. ) ;
#1196 = ORIENTED_EDGE ( 'NONE', *, *, #1037, .F. ) ;
#1197 = CARTESIAN_POINT ( 'NONE',  ( -2.380000000000002558, 0.7999999999999999334, 1.229999999999999982 ) ) ;
#1198 = LINE ( 'NONE', #575, #46 ) ;
#1199 = CARTESIAN_POINT ( 'NONE',  ( 2.443403200231468730, -0.005000000000000013115, -1.600000000000000533 ) ) ;
#1200 = EDGE_CURVE ( 'NONE', #2502, #1145, #358, .T. ) ;
#1201 = SURFACE_STYLE_USAGE ( .BOTH. , #306 ) ;
#1202 = ORIENTED_EDGE ( 'NONE', *, *, #2057, .F. ) ;
#1203 = CARTESIAN_POINT ( 'NONE',  ( 2.450000000000002398, 0.5696884655650694684, 1.229999999999999316 ) ) ;
#1204 = CARTESIAN_POINT ( 'NONE',  ( -2.130000000000002558, 0.5699999999999999512, 1.480000000000002203 ) ) ;
#1205 = LINE ( 'NONE', #2325, #1259 ) ;
#1206 = EDGE_LOOP ( 'NONE', ( #298, #1020, #2250, #1284, #77, #1248, #288, #401 ) ) ;
#1207 = PRESENTATION_STYLE_ASSIGNMENT (( #1022 ) ) ;
#1208 = VECTOR ( 'NONE', #1469, 1000.000000000000000 ) ;
#1209 = ADVANCED_FACE ( 'NONE', ( #2217 ), #1551, .F. ) ;
#1210 = STYLED_ITEM ( 'NONE', ( #252 ), #32 ) ;
#1211 = AXIS2_PLACEMENT_3D ( 'NONE', #743, #703, #1327 ) ;
#1212 = CIRCLE ( 'NONE', #1, 0.06999999999999996503 ) ;
#1213 = AXIS2_PLACEMENT_3D ( 'NONE', #2758, #1982, #1799 ) ;
#1214 = FACE_OUTER_BOUND ( 'NONE', #1840, .T. ) ;
#1215 = CARTESIAN_POINT ( 'NONE',  ( 2.217803809678858151, 0.5000000000000000000, 1.540969643122497290 ) ) ;
#1216 = UNCERTAINTY_MEASURE_WITH_UNIT (LENGTH_MEASURE( 1.000000000000000082E-05 ), #215, 'distance_accuracy_value', 'NONE');
#1217 = VECTOR ( 'NONE', #1394, 1000.000000000000000 ) ;
#1218 = CIRCLE ( 'NONE', #10, 0.2500000000000000000 ) ;
#1219 = DIRECTION ( 'NONE',  ( 1.000000000000000000, 0.0000000000000000000, -0.0000000000000000000 ) ) ;
#1220 = DIRECTION ( 'NONE',  ( -0.0000000000000000000, -1.000000000000000000, -0.0000000000000000000 ) ) ;
#1221 = ORIENTED_EDGE ( 'NONE', *, *, #2508, .F. ) ;
#1222 = ORIENTED_EDGE ( 'NONE', *, *, #1037, .T. ) ;
#1223 = CARTESIAN_POINT ( 'NONE',  ( 2.343403200231469974, 0.0000000000000000000, -1.599999999999999201 ) ) ;
#1224 = DIRECTION ( 'NONE',  ( -0.0000000000000000000, -1.000000000000000000, 0.0000000000000000000 ) ) ;
#1225 = PRESENTATION_STYLE_ASSIGNMENT (( #1658 ) ) ;
#1226 = EDGE_LOOP ( 'NONE', ( #191, #2006, #1991, #414, #829, #2498, #2213, #1828, #19 ) ) ;
#1227 = EDGE_CURVE ( 'NONE', #709, #799, #236, .T. ) ;
#1228 = FILL_AREA_STYLE ('',( #2560 ) ) ;
#1229 = CARTESIAN_POINT ( 'NONE',  ( 2.343403200231469530, -0.005000000000000000104, -0.7000000000000003997 ) ) ;
#1230 = EDGE_CURVE ( 'NONE', #2394, #1511, #1745, .T. ) ;
#1231 = DIRECTION ( 'NONE',  ( 0.0000000000000000000, 0.0000000000000000000, -1.000000000000000000 ) ) ;
#1232 = ORIENTED_EDGE ( 'NONE', *, *, #2100, .T. ) ;
#1233 =( NAMED_UNIT ( * ) PLANE_ANGLE_UNIT ( ) SI_UNIT ( $, .RADIAN. ) );
#1234 = CARTESIAN_POINT ( 'NONE',  ( -2.130000000000000338, 0.7999999999999999334, 1.480000000000001759 ) ) ;
#1235 = SURFACE_STYLE_USAGE ( .BOTH. , #2320 ) ;
#1236 = DIRECTION ( 'NONE',  ( 0.0000000000000000000, 0.0000000000000000000, 1.000000000000000000 ) ) ;
#1237 = VERTEX_POINT ( 'NONE', #36 ) ;
#1238 = DIRECTION ( 'NONE',  ( -0.0000000000000000000, -1.000000000000000000, -0.0000000000000000000 ) ) ;
#1239 = EDGE_CURVE ( 'NONE', #1880, #2283, #1091, .T. ) ;
#1240 = DIRECTION ( 'NONE',  ( 0.0000000000000000000, 1.000000000000000000, 0.0000000000000000000 ) ) ;
#1241 = LINE ( 'NONE', #651, #1536 ) ;
#1242 = EDGE_CURVE ( 'NONE', #1271, #1300, #1795, .T. ) ;
#1243 = ORIENTED_EDGE ( 'NONE', *, *, #2038, .F. ) ;
#1244 = CARTESIAN_POINT ( 'NONE',  ( 2.239030056653565914, 0.5149042807120254306, 1.455159098057332567 ) ) ;
#1245 = CARTESIAN_POINT ( 'NONE',  ( 2.397720822543436991, 0.5000000000000000000, 1.405287082172837376 ) ) ;
#1246 = FILL_AREA_STYLE ('',( #1958 ) ) ;
#1247 = CARTESIAN_POINT ( 'NONE',  ( 2.339156892612060723, 0.5699999999999999512, -1.366943032947529169 ) ) ;
#1248 = ORIENTED_EDGE ( 'NONE', *, *, #1132, .F. ) ;
#1249 = VECTOR ( 'NONE', #935, 1000.000000000000000 ) ;
#1250 = ORIENTED_EDGE ( 'NONE', *, *, #431, .F. ) ;
#1251 = AXIS2_PLACEMENT_3D ( 'NONE', #1777, #2468, #1791 ) ;
#1252 = CARTESIAN_POINT ( 'NONE',  ( -2.325585717009395648, 0.4999999999999998890, 1.486674161202191868 ) ) ;
#1253 = ORIENTED_EDGE ( 'NONE', *, *, #1525, .T. ) ;
#1254 = PLANE ( 'NONE',  #1364 ) ;
#1255 = CIRCLE ( 'NONE', #407, 0.07000000000000017319 ) ;
#1256 = AXIS2_PLACEMENT_3D ( 'NONE', #2305, #2726, #562 ) ;
#1257 = DIRECTION ( 'NONE',  ( 0.0000000000000000000, 1.000000000000000000, 0.0000000000000000000 ) ) ;
#1258 = AXIS2_PLACEMENT_3D ( 'NONE', #122, #2490, #2740 ) ;
#1259 = VECTOR ( 'NONE', #1257, 1000.000000000000000 ) ;
#1260 = CARTESIAN_POINT ( 'NONE',  ( 2.105000000000000870, 0.8499999999999999778, 1.330000000000002069 ) ) ;
#1261 = ADVANCED_FACE ( 'NONE', ( #2232 ), #1074, .T. ) ;
#1262 = MECHANICAL_DESIGN_GEOMETRIC_PRESENTATION_REPRESENTATION (  '', ( #1543 ), #599 ) ;
#1263 = EDGE_LOOP ( 'NONE', ( #1664, #1747, #1856, #1177 ) ) ;
#1264 = LINE ( 'NONE', #1021, #771 ) ;
#1265 = CARTESIAN_POINT ( 'NONE',  ( 2.397720822543437436, 0.5000000000000000000, -1.405287082172836044 ) ) ;
#1266 = MECHANICAL_DESIGN_GEOMETRIC_PRESENTATION_REPRESENTATION (  '', ( #1176 ), #1449 ) ;
#1267 = EDGE_CURVE ( 'NONE', #2186, #1271, #2609, .T. ) ;
#1268 = FILL_AREA_STYLE ('',( #1452 ) ) ;
#1269 = ORIENTED_EDGE ( 'NONE', *, *, #1200, .T. ) ;
#1270 = CARTESIAN_POINT ( 'NONE',  ( 2.143403200231469352, -0.005000000000000000104, -1.500000000000000444 ) ) ;
#1271 = VERTEX_POINT ( 'NONE', #678 ) ;
#1272 = CARTESIAN_POINT ( 'NONE',  ( 2.443403200231469174, -0.005000000000000000104, -1.300000000000000488 ) ) ;
#1273 = VERTEX_POINT ( 'NONE', #898 ) ;
#1274 = DIRECTION ( 'NONE',  ( -0.0000000000000000000, 0.0000000000000000000, -1.000000000000000000 ) ) ;
#1275 = CARTESIAN_POINT ( 'NONE',  ( -2.200000000000002842, -0.005000000000000000104, -1.499999999999999778 ) ) ;
#1276 = CARTESIAN_POINT ( 'NONE',  ( -2.500000000000000000, -0.005000000000000013115, -1.599999999999999201 ) ) ;
#1277 = ORIENTED_EDGE ( 'NONE', *, *, #1682, .F. ) ;
#1278 = FILL_AREA_STYLE ('',( #2160 ) ) ;
#1279 = DIRECTION ( 'NONE',  ( -0.0000000000000000000, -1.000000000000000000, -0.0000000000000000000 ) ) ;
#1280 = CARTESIAN_POINT ( 'NONE',  ( 2.258857860336934031, 0.5000000000005541123, -1.522908833003724594 ) ) ;
#1281 = EDGE_CURVE ( 'NONE', #2652, #796, #472, .T. ) ;
#1282 = ORIENTED_EDGE ( 'NONE', *, *, #758, .T. ) ;
#1283 = CARTESIAN_POINT ( 'NONE',  ( -2.450000000000002398, 0.5699999999999999512, 1.229999999999999982 ) ) ;
#1284 = ORIENTED_EDGE ( 'NONE', *, *, #2149, .T. ) ;
#1285 = CARTESIAN_POINT ( 'NONE',  ( 2.380000000000001226, 0.7999999999999999334, -1.230000000000000426 ) ) ;
#1286 = ORIENTED_EDGE ( 'NONE', *, *, #1023, .F. ) ;
#1287 = DIRECTION ( 'NONE',  ( 1.000000000000000000, 0.0000000000000000000, -2.710505431213761578E-16 ) ) ;
#1288 = DIRECTION ( 'NONE',  ( -0.0000000000000000000, -1.000000000000000000, -0.0000000000000000000 ) ) ;
#1289 = DIRECTION ( 'NONE',  ( -0.0000000000000000000, -1.000000000000000000, -0.0000000000000000000 ) ) ;
#1290 = ORIENTED_EDGE ( 'NONE', *, *, #2057, .T. ) ;
#1291 = FACE_OUTER_BOUND ( 'NONE', #2341, .T. ) ;
#1292 = CARTESIAN_POINT ( 'NONE',  ( 2.335881813945404506, 0.5000000000000000000, -1.419795379712377459 ) ) ;
#1293 = FACE_OUTER_BOUND ( 'NONE', #1885, .T. ) ;
#1294 = ORIENTED_EDGE ( 'NONE', *, *, #1383, .F. ) ;
#1295 = DIRECTION ( 'NONE',  ( 0.0000000000000000000, 1.000000000000000000, 0.0000000000000000000 ) ) ;
#1296 = EDGE_CURVE ( 'NONE', #791, #865, #2001, .T. ) ;
#1297 = ORIENTED_EDGE ( 'NONE', *, *, #584, .T. ) ;
#1298 = LINE ( 'NONE', #2151, #1761 ) ;
#1299 = CARTESIAN_POINT ( 'NONE',  ( 2.105000000000001315, 0.7999999999999999334, -1.330000000000001847 ) ) ;
#1300 = VERTEX_POINT ( 'NONE', #2704 ) ;
#1301 =( NAMED_UNIT ( * ) SI_UNIT ( $, .STERADIAN. ) SOLID_ANGLE_UNIT ( ) );
#1302 = EDGE_CURVE ( 'NONE', #974, #1456, #759, .T. ) ;
#1303 = VECTOR ( 'NONE', #2437, 1000.000000000000000 ) ;
#1304 = LINE ( 'NONE', #882, #178 ) ;
#1305 = AXIS2_PLACEMENT_3D ( 'NONE', #474, #1599, #1584 ) ;
#1306 = CARTESIAN_POINT ( 'NONE',  ( -2.200000000000001954, -0.005000000000000000104, 1.500000000000002665 ) ) ;
#1307 = AXIS2_PLACEMENT_3D ( 'NONE', #56, #2233, #917 ) ;
#1308 = PRESENTATION_LAYER_ASSIGNMENT (  '', '', ( #2456 ) ) ;
#1309 = FACE_OUTER_BOUND ( 'NONE', #1118, .T. ) ;
#1310 = DIRECTION ( 'NONE',  ( -1.000000000000000000, -0.0000000000000000000, 0.0000000000000000000 ) ) ;
#1311 = PRESENTATION_LAYER_ASSIGNMENT (  '', '', ( #1366 ) ) ;
#1312 = CARTESIAN_POINT ( 'NONE',  ( 2.129999999999999449, 0.5000000000000000000, -1.550000000000002265 ) ) ;
#1313 = ORIENTED_EDGE ( 'NONE', *, *, #2089, .F. ) ;
#1314 = ORIENTED_EDGE ( 'NONE', *, *, #567, .F. ) ;
#1315 = LINE ( 'NONE', #161, #2631 ) ;
#1316 = SURFACE_STYLE_FILL_AREA ( #1963 ) ;
#1317 = ORIENTED_EDGE ( 'NONE', *, *, #1396, .F. ) ;
#1318 = DIRECTION ( 'NONE',  ( 0.0000000000000000000, 1.000000000000000000, 0.0000000000000000000 ) ) ;
#1319 = ADVANCED_FACE ( 'NONE', ( #346 ), #1833, .T. ) ;
#1320 = FILL_AREA_STYLE ('',( #283 ) ) ;
#1321 = ORIENTED_EDGE ( 'NONE', *, *, #466, .F. ) ;
#1322 = EDGE_CURVE ( 'NONE', #1405, #2442, #320, .T. ) ;
#1323 = CARTESIAN_POINT ( 'NONE',  ( 2.343403200231469530, -0.005000000000000000104, -0.7000000000000003997 ) ) ;
#1324 = DIRECTION ( 'NONE',  ( 0.0000000000000000000, 0.0000000000000000000, 1.000000000000000000 ) ) ;
#1325 = PRESENTATION_STYLE_ASSIGNMENT (( #488 ) ) ;
#1326 = ORIENTED_EDGE ( 'NONE', *, *, #773, .T. ) ;
#1327 = DIRECTION ( 'NONE',  ( 0.0000000000000000000, -0.0000000000000000000, 1.000000000000000000 ) ) ;
#1328 = CARTESIAN_POINT ( 'NONE',  ( 2.380000000000002114, 0.5696884655650695795, 1.229999999999999760 ) ) ;
#1329 = CYLINDRICAL_SURFACE ( 'NONE', #507, 0.06999999999999996503 ) ;
#1330 = ORIENTED_EDGE ( 'NONE', *, *, #2798, .F. ) ;
#1331 = CARTESIAN_POINT ( 'NONE',  ( 2.443403200231468730, -0.005000000000000000104, -1.600000000000000311 ) ) ;
#1332 = SURFACE_SIDE_STYLE ('',( #23 ) ) ;
#1333 =( NAMED_UNIT ( * ) SI_UNIT ( $, .STERADIAN. ) SOLID_ANGLE_UNIT ( ) );
#1334 = UNCERTAINTY_MEASURE_WITH_UNIT (LENGTH_MEASURE( 1.000000000000000082E-05 ), #2593, 'distance_accuracy_value', 'NONE');
#1335 = EDGE_LOOP ( 'NONE', ( #2333, #652, #532, #1529, #1803, #1740, #1783, #2047, #2010 ) ) ;
#1336 = EDGE_CURVE ( 'NONE', #399, #2663, #1646, .T. ) ;
#1337 = CARTESIAN_POINT ( 'NONE',  ( 2.443403200231468286, -0.005000000000000013115, -1.400000000000000577 ) ) ;
#1338 = CARTESIAN_POINT ( 'NONE',  ( 2.239033795752213951, 0.5149108370565990134, -1.455157454987960453 ) ) ;
#1339 = CARTESIAN_POINT ( 'NONE',  ( 2.356436096641818967, 0.5289949493661166846, 1.340552025359295074 ) ) ;
#1340 = SURFACE_STYLE_USAGE ( .BOTH. , #1155 ) ;
#1341 = EDGE_CURVE ( 'NONE', #389, #1778, #776, .T. ) ;
#1342 = ORIENTED_EDGE ( 'NONE', *, *, #2038, .T. ) ;
#1343 = DIRECTION ( 'NONE',  ( 0.0000000000000000000, 0.0000000000000000000, 1.000000000000000000 ) ) ;
#1344 = ORIENTED_EDGE ( 'NONE', *, *, #344, .F. ) ;
#1345 = CARTESIAN_POINT ( 'NONE',  ( -1.300000000000002931, 0.0000000000000000000, -1.599999999999999201 ) ) ;
#1346 = ORIENTED_EDGE ( 'NONE', *, *, #758, .F. ) ;
#1347 = CARTESIAN_POINT ( 'NONE',  ( 2.435198107694029002, 0.5000000000000000000, 1.334422214575034404 ) ) ;
#1348 = ORIENTED_EDGE ( 'NONE', *, *, #164, .F. ) ;
#1349 = AXIS2_PLACEMENT_3D ( 'NONE', #1604, #2051, #2282 ) ;
#1350 = CIRCLE ( 'NONE', #221, 0.2500000000000000000 ) ;
#1351 = CARTESIAN_POINT ( 'NONE',  ( -2.230000000000000426, 0.8499999999999999778, -1.205000000000001181 ) ) ;
#1352 = DIRECTION ( 'NONE',  ( 1.000000000000000000, 0.0000000000000000000, -0.0000000000000000000 ) ) ;
#1353 = AXIS2_PLACEMENT_3D ( 'NONE', #409, #2375, #1703 ) ;
#1354 = EDGE_CURVE ( 'NONE', #709, #195, #1864, .T. ) ;
#1355 = AXIS2_PLACEMENT_3D ( 'NONE', #1199, #563, #1831 ) ;
#1356 = CARTESIAN_POINT ( 'NONE',  ( 2.168821016204702357, 0.4999999999999999445, 1.508994949366118776 ) ) ;
#1357 = DIRECTION ( 'NONE',  ( -0.0000000000000000000, -1.000000000000000000, -0.0000000000000000000 ) ) ;
#1358 = VECTOR ( 'NONE', #2025, 1000.000000000000000 ) ;
#1359 = AXIS2_PLACEMENT_3D ( 'NONE', #1416, #1186, #2080 ) ;
#1360 = DIRECTION ( 'NONE',  ( -0.0000000000000000000, 0.0000000000000000000, -1.000000000000000000 ) ) ;
#1361 = ORIENTED_EDGE ( 'NONE', *, *, #773, .F. ) ;
#1362 = CARTESIAN_POINT ( 'NONE',  ( -1.300000000000002265, 0.0000000000000000000, 0.7000000000000016209 ) ) ;
#1363 = ADVANCED_FACE ( 'NONE', ( #2731 ), #94, .T. ) ;
#1364 = AXIS2_PLACEMENT_3D ( 'NONE', #1015, #2324, #1673 ) ;
#1365 = AXIS2_PLACEMENT_3D ( 'NONE', #591, #1240, #1032 ) ;
#1366 = STYLED_ITEM ( 'NONE', ( #2613 ), #2759 ) ;
#1367 = ORIENTED_EDGE ( 'NONE', *, *, #353, .F. ) ;
#1368 = DIRECTION ( 'NONE',  ( -0.0000000000000000000, -1.000000000000000000, -0.0000000000000000000 ) ) ;
#1369 = VERTEX_POINT ( 'NONE', #2059 ) ;
#1370 = DIRECTION ( 'NONE',  ( 0.0000000000000000000, -0.0000000000000000000, 1.000000000000000000 ) ) ;
#1371 = CARTESIAN_POINT ( 'NONE',  ( -2.500000000000000000, 0.0000000000000000000, -1.499999999999999778 ) ) ;
#1372 = PRODUCT_DEFINITION_CONTEXT ( 'detailed design', #2155, 'design' ) ;
#1373 = VERTEX_POINT ( 'NONE', #953 ) ;
#1374 = CARTESIAN_POINT ( 'NONE',  ( -2.408994949366120242, 0.5000000000000000000, 1.393431457505077242 ) ) ;
#1375 = CARTESIAN_POINT ( 'NONE',  ( 2.397720822543437880, 0.5000000000000000000, -1.405287082172836044 ) ) ;
#1376 = ADVANCED_BREP_SHAPE_REPRESENTATION ( 'C335A96E-713C-4F7E-A69F-1A8109E8BA91', ( #100, #1636 ), #58 ) ;
#1377 = DIRECTION ( 'NONE',  ( 0.0000000000000000000, 0.0000000000000000000, 1.000000000000000000 ) ) ;
#1378 = CARTESIAN_POINT ( 'NONE',  ( 2.130000000000001670, 0.7999999999999999334, 1.330000000000002069 ) ) ;
#1379 = ORIENTED_EDGE ( 'NONE', *, *, #101, .T. ) ;
#1380 = FILL_AREA_STYLE_COLOUR ( '', #1443 ) ;
#1381 = ADVANCED_FACE ( 'NONE', ( #736 ), #566, .F. ) ;
#1382 = FACE_OUTER_BOUND ( 'NONE', #1870, .T. ) ;
#1383 = EDGE_CURVE ( 'NONE', #1145, #2615, #648, .T. ) ;
#1384 = CARTESIAN_POINT ( 'NONE',  ( 2.380000000000001226, 0.5060018284693128532, 1.229999999999999538 ) ) ;
#1385 = ORIENTED_EDGE ( 'NONE', *, *, #2381, .T. ) ;
#1386 = DIRECTION ( 'NONE',  ( 1.000000000000000000, 0.0000000000000000000, -2.409338161078899674E-16 ) ) ;
#1387 = CARTESIAN_POINT ( 'NONE',  ( -2.500000000000000000, 0.5000000000000000000, -1.550000000000002043 ) ) ;
#1388 = CARTESIAN_POINT ( 'NONE',  ( -2.400000000000003464, 0.0000000000000000000, -1.599999999999999201 ) ) ;
#1389 = ORIENTED_EDGE ( 'NONE', *, *, #1844, .T. ) ;
#1390 = ORIENTED_EDGE ( 'NONE', *, *, #326, .F. ) ;
#1391 = DIRECTION ( 'NONE',  ( -0.0000000000000000000, -1.000000000000000000, -0.0000000000000000000 ) ) ;
#1392 = CARTESIAN_POINT ( 'NONE',  ( 2.339156892612059835, 0.5699999999999999512, 1.366943032947529391 ) ) ;
#1393 = EDGE_CURVE ( 'NONE', #1611, #2756, #1455, .T. ) ;
#1394 = DIRECTION ( 'NONE',  ( -1.000000000000000000, -0.0000000000000000000, 0.0000000000000000000 ) ) ;
#1395 = ORIENTED_EDGE ( 'NONE', *, *, #85, .F. ) ;
#1396 = EDGE_CURVE ( 'NONE', #372, #2301, #1712, .T. ) ;
#1397 = LINE ( 'NONE', #1648, #411 ) ;
#1398 = UNCERTAINTY_MEASURE_WITH_UNIT (LENGTH_MEASURE( 1.000000000000000082E-05 ), #539, 'distance_accuracy_value', 'NONE');
#1399 = CARTESIAN_POINT ( 'NONE',  ( -2.450000000000002398, 0.5000000000000000000, 1.229999999999999760 ) ) ;
#1400 = CARTESIAN_POINT ( 'NONE',  ( -2.500000000000000000, 0.0000000000000000000, -1.300000000000000266 ) ) ;
#1401 = DIRECTION ( 'NONE',  ( -0.8366275704482392106, -4.646580739223579162E-15, 0.5477721317901054210 ) ) ;
#1402 = AXIS2_PLACEMENT_3D ( 'NONE', #1968, #219, #25 ) ;
#1403 = ORIENTED_EDGE ( 'NONE', *, *, #939, .F. ) ;
#1404 = PRESENTATION_LAYER_ASSIGNMENT (  '', '', ( #1710 ) ) ;
#1405 = VERTEX_POINT ( 'NONE', #1044 ) ;
#1406 = MECHANICAL_DESIGN_GEOMETRIC_PRESENTATION_REPRESENTATION (  '', ( #368 ), #277 ) ;
#1407 = STYLED_ITEM ( 'NONE', ( #263 ), #1183 ) ;
#1408 = ORIENTED_EDGE ( 'NONE', *, *, #1239, .T. ) ;
#1409 = EDGE_CURVE ( 'NONE', #1789, #1066, #1033, .T. ) ;
#1410 = CARTESIAN_POINT ( 'NONE',  ( -2.380000000000002558, 0.5699999999999999512, 1.230000000000000204 ) ) ;
#1411 = DIRECTION ( 'NONE',  ( 1.000000000000000000, 0.0000000000000000000, -0.0000000000000000000 ) ) ;
#1412 = DIRECTION ( 'NONE',  ( -0.5477721317901111941, 1.789586823585096848E-15, 0.8366275704482354358 ) ) ;
#1413 = EDGE_CURVE ( 'NONE', #2653, #1642, #2768, .T. ) ;
#1414 = ORIENTED_EDGE ( 'NONE', *, *, #747, .F. ) ;
#1415 = ORIENTED_EDGE ( 'NONE', *, *, #1862, .F. ) ;
#1416 = CARTESIAN_POINT ( 'NONE',  ( 2.105000000000001315, 0.7999999999999999334, -1.205000000000001625 ) ) ;
#1417 = CARTESIAN_POINT ( 'NONE',  ( 2.129999999999999449, 0.5699999999999999512, 1.480000000000001759 ) ) ;
#1418 = CARTESIAN_POINT ( 'NONE',  ( 2.168821016204701468, 0.4999999999999996669, -1.508994949366118998 ) ) ;
#1419 = CARTESIAN_POINT ( 'NONE',  ( -2.400000000000002576, 0.0000000000000000000, 0.7000000000000025091 ) ) ;
#1420 = DIRECTION ( 'NONE',  ( -0.0000000000000000000, -1.000000000000000000, -0.0000000000000000000 ) ) ;
#1421 = ADVANCED_FACE ( 'NONE', ( #1214 ), #1928, .F. ) ;
#1422 = ORIENTED_EDGE ( 'NONE', *, *, #1507, .F. ) ;
#1423 = ORIENTED_EDGE ( 'NONE', *, *, #2778, .F. ) ;
#1424 = CARTESIAN_POINT ( 'NONE',  ( -2.130000000000000782, 0.5699999999999999512, -1.480000000000001981 ) ) ;
#1425 = PLANE ( 'NONE',  #1807 ) ;
#1426 = EDGE_CURVE ( 'NONE', #1066, #1789, #857, .T. ) ;
#1427 = EDGE_LOOP ( 'NONE', ( #184, #1486, #2196, #1696 ) ) ;
#1428 = LINE ( 'NONE', #2295, #2122 ) ;
#1429 = CARTESIAN_POINT ( 'NONE',  ( 2.130000000000001670, 0.7999999999999999334, 1.230000000000001759 ) ) ;
#1430 = CARTESIAN_POINT ( 'NONE',  ( -2.400000000000002576, 0.0000000000000000000, 1.300000000000002709 ) ) ;
#1431 = EDGE_LOOP ( 'NONE', ( #2513, #1297, #1774, #561, #1108, #1282, #2278, #2218 ) ) ;
#1432 = ORIENTED_EDGE ( 'NONE', *, *, #2313, .F. ) ;
#1433 = CARTESIAN_POINT ( 'NONE',  ( -2.130000000000002558, 0.7999999999999999334, -1.480000000000002203 ) ) ;
#1434 = CARTESIAN_POINT ( 'NONE',  ( 2.435246949493583113, 0.5000000000000001110, -1.334185410971981289 ) ) ;
#1435 =( GEOMETRIC_REPRESENTATION_CONTEXT ( 3 ) GLOBAL_UNCERTAINTY_ASSIGNED_CONTEXT ( ( #238 ) ) GLOBAL_UNIT_ASSIGNED_CONTEXT ( ( #2161, #1081, #2760 ) ) REPRESENTATION_CONTEXT ( 'NONE', 'WORKASPACE' ) );
#1436 = MECHANICAL_DESIGN_GEOMETRIC_PRESENTATION_REPRESENTATION (  '', ( #728 ), #2486 ) ;
#1437 = EDGE_CURVE ( 'NONE', #200, #1904, #364, .T. ) ;
#1438 = CYLINDRICAL_SURFACE ( 'NONE', #275, 0.2000000000000000944 ) ;
#1439 = CIRCLE ( 'NONE', #139, 0.1999999999999981515 ) ;
#1440 = CIRCLE ( 'NONE', #1812, 0.1250000000000001110 ) ;
#1441 = VECTOR ( 'NONE', #1092, 1000.000000000000000 ) ;
#1442 = ADVANCED_FACE ( 'NONE', ( #1485 ), #1444, .F. ) ;
#1443 = COLOUR_RGB ( '',0.1568627450980392135, 0.0000000000000000000, 0.1568627450980392135 ) ;
#1444 = PLANE ( 'NONE',  #2634 ) ;
#1445 = ORIENTED_EDGE ( 'NONE', *, *, #1426, .T. ) ;
#1446 = MECHANICAL_DESIGN_GEOMETRIC_PRESENTATION_REPRESENTATION (  '', ( #1407 ), #502 ) ;
#1447 = VECTOR ( 'NONE', #1788, 1000.000000000000000 ) ;
#1448 = CARTESIAN_POINT ( 'NONE',  ( -2.200000000000001954, -0.005000000000000000104, 1.500000000000002665 ) ) ;
#1449 =( GEOMETRIC_REPRESENTATION_CONTEXT ( 3 ) GLOBAL_UNCERTAINTY_ASSIGNED_CONTEXT ( ( #1847 ) ) GLOBAL_UNIT_ASSIGNED_CONTEXT ( ( #942, #2415, #2225 ) ) REPRESENTATION_CONTEXT ( 'NONE', 'WORKASPACE' ) );
#1450 =( NAMED_UNIT ( * ) SI_UNIT ( $, .STERADIAN. ) SOLID_ANGLE_UNIT ( ) );
#1451 = CARTESIAN_POINT ( 'NONE',  ( 2.339156892612061167, 0.5289949493661173507, -1.366943032947529391 ) ) ;
#1452 = FILL_AREA_STYLE_COLOUR ( '', #1863 ) ;
#1453 = CARTESIAN_POINT ( 'NONE',  ( 2.243403200231468553, 0.5000000000000000000, 1.600000000000001643 ) ) ;
#1454 = ADVANCED_FACE ( 'NONE', ( #2138 ), #199, .F. ) ;
#1455 = LINE ( 'NONE', #2314, #1208 ) ;
#1456 = VERTEX_POINT ( 'NONE', #1299 ) ;
#1457 = PLANE ( 'NONE',  #1539 ) ;
#1458 = ADVANCED_FACE ( 'NONE', ( #1792 ), #1329, .F. ) ;
#1459 = CARTESIAN_POINT ( 'NONE',  ( 2.258857902733177880, 0.5699999999999999512, 1.522908929367488673 ) ) ;
#1460 = ORIENTED_EDGE ( 'NONE', *, *, #1493, .T. ) ;
#1461 = ORIENTED_EDGE ( 'NONE', *, *, #1634, .F. ) ;
#1462 = FACE_OUTER_BOUND ( 'NONE', #836, .T. ) ;
#1463 = DIRECTION ( 'NONE',  ( 0.0000000000000000000, 0.0000000000000000000, 1.000000000000000000 ) ) ;
#1464 = CARTESIAN_POINT ( 'NONE',  ( -2.130000000000000782, 0.5699999999999999512, -1.480000000000002203 ) ) ;
#1465 = ORIENTED_EDGE ( 'NONE', *, *, #2654, .T. ) ;
#1466 = B_SPLINE_CURVE_WITH_KNOTS ( 'NONE', 3,
 ( #1136, #1347, #2214, #35 ),
 .UNSPECIFIED., .F., .F.,
 ( 4, 4 ),
 ( 0.0000000000000000000, 1.000000000000000000 ),
 .UNSPECIFIED. ) ;
#1467 = ORIENTED_EDGE ( 'NONE', *, *, #425, .F. ) ;
#1468 = ADVANCED_FACE ( 'NONE', ( #1516, #895 ), #1070, .T. ) ;
#1469 = DIRECTION ( 'NONE',  ( -0.0000000000000000000, -0.0000000000000000000, -1.000000000000000000 ) ) ;
#1470 = ORIENTED_EDGE ( 'NONE', *, *, #268, .T. ) ;
#1471 = FACE_OUTER_BOUND ( 'NONE', #1672, .T. ) ;
#1472 = CARTESIAN_POINT ( 'NONE',  ( 2.275968692126578485, 0.5621270882240407829, 1.433578717047786055 ) ) ;
#1473 = LINE ( 'NONE', #2340, #318 ) ;
#1474 = VERTEX_POINT ( 'NONE', #2170 ) ;
#1475 = SURFACE_STYLE_USAGE ( .BOTH. , #2554 ) ;
#1476 = DIRECTION ( 'NONE',  ( -0.0000000000000000000, -1.000000000000000000, 0.0000000000000000000 ) ) ;
#1477 = DIRECTION ( 'NONE',  ( 0.0000000000000000000, 0.0000000000000000000, -1.000000000000000000 ) ) ;
#1478 = LINE ( 'NONE', #2556, #2546 ) ;
#1479 = ORIENTED_EDGE ( 'NONE', *, *, #2778, .T. ) ;
#1480 = FACE_OUTER_BOUND ( 'NONE', #1135, .T. ) ;
#1481 = VECTOR ( 'NONE', #1180, 1000.000000000000000 ) ;
#1482 = VERTEX_POINT ( 'NONE', #2620 ) ;
#1483 = AXIS2_PLACEMENT_3D ( 'NONE', #873, #1497, #2790 ) ;
#1484 = AXIS2_PLACEMENT_3D ( 'NONE', #1147, #2677, #718 ) ;
#1485 = FACE_OUTER_BOUND ( 'NONE', #2618, .T. ) ;
#1486 = ORIENTED_EDGE ( 'NONE', *, *, #2210, .F. ) ;
#1487 = CIRCLE ( 'NONE', #509, 0.1999999999999981515 ) ;
#1488 = COLOUR_RGB ( '',0.7529411764705882248, 0.7529411764705882248, 0.7529411764705882248 ) ;
#1489 = CARTESIAN_POINT ( 'NONE',  ( 2.243403200231468553, 0.5000000000000000000, 1.600000000000001643 ) ) ;
#1490 = VECTOR ( 'NONE', #1900, 1000.000000000000000 ) ;
#1491 = PRESENTATION_LAYER_ASSIGNMENT (  '', '', ( #2644 ) ) ;
#1492 = LINE ( 'NONE', #1018, #223 ) ;
#1493 = EDGE_CURVE ( 'NONE', #838, #448, #213, .T. ) ;
#1494 = AXIS2_PLACEMENT_3D ( 'NONE', #2386, #1318, #249 ) ;
#1495 = ORIENTED_EDGE ( 'NONE', *, *, #344, .T. ) ;
#1496 = PLANE ( 'NONE',  #1213 ) ;
#1497 = DIRECTION ( 'NONE',  ( 2.409338161078899674E-16, -0.0000000000000000000, 1.000000000000000000 ) ) ;
#1498 = DIRECTION ( 'NONE',  ( 0.0000000000000000000, 0.0000000000000000000, 1.000000000000000000 ) ) ;
#1499 = EDGE_CURVE ( 'NONE', #95, #2653, #692, .T. ) ;
#1500 = ORIENTED_EDGE ( 'NONE', *, *, #769, .F. ) ;
#1501 = LINE ( 'NONE', #835, #1762 ) ;
#1502 = CARTESIAN_POINT ( 'NONE',  ( 2.343403200231469530, -0.005000000000000000104, -0.7000000000000003997 ) ) ;
#1503 = VERTEX_POINT ( 'NONE', #1758 ) ;
#1504 = CARTESIAN_POINT ( 'NONE',  ( 2.334661885650028079, 0.5699999999999999512, 1.373808381758728103 ) ) ;
#1505 = ORIENTED_EDGE ( 'NONE', *, *, #1983, .T. ) ;
#1506 = CARTESIAN_POINT ( 'NONE',  ( 2.339156892612060279, 0.5699999999999999512, 1.366943032947529391 ) ) ;
#1507 = EDGE_CURVE ( 'NONE', #2615, #1904, #1168, .T. ) ;
#1508 = CARTESIAN_POINT ( 'NONE',  ( 2.343403200231469530, -0.005000000000000000104, -1.300000000000000488 ) ) ;
#1509 =( NAMED_UNIT ( * ) PLANE_ANGLE_UNIT ( ) SI_UNIT ( $, .RADIAN. ) );
#1510 = CARTESIAN_POINT ( 'NONE',  ( -2.230000000000000426, 0.8499999999999999778, 1.205000000000001181 ) ) ;
#1511 = VERTEX_POINT ( 'NONE', #2639 ) ;
#1512 = CARTESIAN_POINT ( 'NONE',  ( 2.130000000000001226, 0.7999999999999999334, -1.480000000000002203 ) ) ;
#1513 = ADVANCED_FACE ( 'NONE', ( #2403 ), #2009, .F. ) ;
#1514 = ORIENTED_EDGE ( 'NONE', *, *, #635, .F. ) ;
#1515 = CARTESIAN_POINT ( 'NONE',  ( 1.243403200231469663, -0.005000000000000000104, -1.500000000000000444 ) ) ;
#1516 = FACE_OUTER_BOUND ( 'NONE', #51, .T. ) ;
#1517 = ORIENTED_EDGE ( 'NONE', *, *, #1844, .F. ) ;
#1518 = CARTESIAN_POINT ( 'NONE',  ( -2.300000000000001599, -0.005000000000000013115, -1.600000000000000755 ) ) ;
#1519 = CARTESIAN_POINT ( 'NONE',  ( -1.880000000000002336, 0.8400000000000000799, 0.9800000000000015365 ) ) ;
#1520 = FACE_OUTER_BOUND ( 'NONE', #1188, .T. ) ;
#1521 = CARTESIAN_POINT ( 'NONE',  ( 2.130000000000001670, 0.5699999999999999512, 1.230000000000001759 ) ) ;
#1522 = FACE_OUTER_BOUND ( 'NONE', #858, .T. ) ;
#1523 = ORIENTED_EDGE ( 'NONE', *, *, #216, .F. ) ;
#1524 = CARTESIAN_POINT ( 'NONE',  ( -2.400000000000002576, -0.005000000000000000104, 1.300000000000002709 ) ) ;
#1525 = EDGE_CURVE ( 'NONE', #2756, #2652, #2369, .T. ) ;
#1526 = ORIENTED_EDGE ( 'NONE', *, *, #1909, .T. ) ;
#1527 = CARTESIAN_POINT ( 'NONE',  ( 2.143403200231469352, -0.005000000000000000104, -1.500000000000000444 ) ) ;
#1528 = CARTESIAN_POINT ( 'NONE',  ( -2.450000000000002398, 0.5699999999999999512, 1.229999999999999982 ) ) ;
#1529 = ORIENTED_EDGE ( 'NONE', *, *, #28, .T. ) ;
#1530 = CARTESIAN_POINT ( 'NONE',  ( -2.200000000000001954, -0.005000000000000000104, 1.500000000000002665 ) ) ;
#1531 = ADVANCED_FACE ( 'NONE', ( #1947 ), #1425, .F. ) ;
#1532 = VECTOR ( 'NONE', #1173, 1000.000000000000000 ) ;
#1533 = CARTESIAN_POINT ( 'NONE',  ( 2.443403200231468730, 0.5000000000000000000, -1.600000000000000533 ) ) ;
#1534 = DIRECTION ( 'NONE',  ( -0.0000000000000000000, -1.000000000000000000, 0.0000000000000000000 ) ) ;
#1535 = VERTEX_POINT ( 'NONE', #2712 ) ;
#1536 = VECTOR ( 'NONE', #2358, 1000.000000000000000 ) ;
#1537 = VECTOR ( 'NONE', #2285, 1000.000000000000000 ) ;
#1538 = LINE ( 'NONE', #1306, #1303 ) ;
#1539 = AXIS2_PLACEMENT_3D ( 'NONE', #390, #1287, #2154 ) ;
#1540 = VECTOR ( 'NONE', #1095, 1000.000000000000000 ) ;
#1541 = CARTESIAN_POINT ( 'NONE',  ( 2.129999999999999893, 0.5000000000000000000, 1.550000000000001821 ) ) ;
#1542 = APPLICATION_PROTOCOL_DEFINITION ( 'draft international standard', 'automotive_design', 1998, #317 ) ;
#1543 = STYLED_ITEM ( 'NONE', ( #1325 ), #2730 ) ;
#1544 = LINE ( 'NONE', #1773, #2500 ) ;
#1545 = ORIENTED_EDGE ( 'NONE', *, *, #1393, .F. ) ;
#1546 = DIRECTION ( 'NONE',  ( 0.0000000000000000000, 1.000000000000000000, 0.0000000000000000000 ) ) ;
#1547 = CARTESIAN_POINT ( 'NONE',  ( 2.374846250180835394, 0.5699999999999999512, 1.280500631405801615 ) ) ;
#1548 = ORIENTED_EDGE ( 'NONE', *, *, #1437, .F. ) ;
#1549 = EDGE_CURVE ( 'NONE', #2578, #1601, #1198, .T. ) ;
#1550 = CARTESIAN_POINT ( 'NONE',  ( 1.243403200231469663, -0.005000000000000000104, 0.7000000000000017319 ) ) ;
#1551 = PLANE ( 'NONE',  #325 ) ;
#1552 = ADVANCED_FACE ( 'NONE', ( #356 ), #2727, .F. ) ;
#1553 = DIRECTION ( 'NONE',  ( -1.000000000000000000, 0.0000000000000000000, -8.116070457215862239E-15 ) ) ;
#1554 = EDGE_LOOP ( 'NONE', ( #1330, #2315, #880, #477, #2134, #749, #1395, #781 ) ) ;
#1555 = CARTESIAN_POINT ( 'NONE',  ( 2.218100812616268680, 0.4999999999999998890, 1.540838984164087044 ) ) ;
#1556 = CARTESIAN_POINT ( 'NONE',  ( 2.230000000000001315, 0.8499999999999999778, -1.205000000000000515 ) ) ;
#1557 = ORIENTED_EDGE ( 'NONE', *, *, #2600, .T. ) ;
#1558 = DIRECTION ( 'NONE',  ( -0.0000000000000000000, 0.0000000000000000000, -1.000000000000000000 ) ) ;
#1559 = LINE ( 'NONE', #315, #43 ) ;
#1560 = CARTESIAN_POINT ( 'NONE',  ( -1.880000000000002336, 0.8400000000000000799, 0.9800000000000015365 ) ) ;
#1561 = ORIENTED_EDGE ( 'NONE', *, *, #2244, .F. ) ;
#1562 = DIRECTION ( 'NONE',  ( -0.0000000000000000000, -1.000000000000000000, 0.0000000000000000000 ) ) ;
#1563 = ADVANCED_FACE ( 'NONE', ( #585 ), #983, .F. ) ;
#1564 =( NAMED_UNIT ( * ) SI_UNIT ( $, .STERADIAN. ) SOLID_ANGLE_UNIT ( ) );
#1565 = DIRECTION ( 'NONE',  ( 6.840046991491767660E-15, -9.315604209941812090E-29, -1.000000000000000000 ) ) ;
#1566 = UNCERTAINTY_MEASURE_WITH_UNIT (LENGTH_MEASURE( 1.000000000000000082E-05 ), #159, 'distance_accuracy_value', 'NONE');
#1567 = ORIENTED_EDGE ( 'NONE', *, *, #1776, .T. ) ;
#1568 = ADVANCED_FACE ( 'NONE', ( #2525 ), #2280, .F. ) ;
#1569 = LINE ( 'NONE', #1798, #91 ) ;
#1570 =( NAMED_UNIT ( * ) PLANE_ANGLE_UNIT ( ) SI_UNIT ( $, .RADIAN. ) );
#1571 = CARTESIAN_POINT ( 'NONE',  ( 2.129999999999999893, 0.4999999999999999445, 1.508994949366118554 ) ) ;
#1572 = PRESENTATION_STYLE_ASSIGNMENT (( #1340 ) ) ;
#1573 = DIRECTION ( 'NONE',  ( -1.000000000000000000, 0.0000000000000000000, 0.0000000000000000000 ) ) ;
#1574 = ORIENTED_EDGE ( 'NONE', *, *, #786, .T. ) ;
#1575 = DIRECTION ( 'NONE',  ( 0.0000000000000000000, 0.0000000000000000000, -1.000000000000000000 ) ) ;
#1576 = CARTESIAN_POINT ( 'NONE',  ( 2.443403200231467398, 0.5000000000000000000, -1.294640808199428728 ) ) ;
#1577 = VERTEX_POINT ( 'NONE', #2022 ) ;
#1578 = FILL_AREA_STYLE_COLOUR ( '', #1579 ) ;
#1579 = COLOUR_RGB ( '',1.000000000000000000, 1.000000000000000000, 1.000000000000000000 ) ;
#1580 = CIRCLE ( 'NONE', #901, 0.1250000000000001110 ) ;
#1581 = FILL_AREA_STYLE ('',( #2203 ) ) ;
#1582 = PRESENTATION_STYLE_ASSIGNMENT (( #267 ) ) ;
#1583 = VECTOR ( 'NONE', #89, 1000.000000000000000 ) ;
#1584 = DIRECTION ( 'NONE',  ( -1.000000000000000000, 0.0000000000000000000, -0.0000000000000000000 ) ) ;
#1585 = ADVANCED_FACE ( 'NONE', ( #2114 ), #666, .F. ) ;
#1586 = AXIS2_PLACEMENT_3D ( 'NONE', #2612, #454, #2555 ) ;
#1587 = CIRCLE ( 'NONE', #2408, 0.2000000000000000944 ) ;
#1588 =( NAMED_UNIT ( * ) PLANE_ANGLE_UNIT ( ) SI_UNIT ( $, .RADIAN. ) );
#1589 = VERTEX_POINT ( 'NONE', #205 ) ;
#1590 = FACE_OUTER_BOUND ( 'NONE', #521, .T. ) ;
#1591 =( GEOMETRIC_REPRESENTATION_CONTEXT ( 3 ) GLOBAL_UNCERTAINTY_ASSIGNED_CONTEXT ( ( #1216 ) ) GLOBAL_UNIT_ASSIGNED_CONTEXT ( ( #215, #2099, #1301 ) ) REPRESENTATION_CONTEXT ( 'NONE', 'WORKASPACE' ) );
#1592 = EDGE_CURVE ( 'NONE', #1271, #2184, #2362, .T. ) ;
#1593 = CIRCLE ( 'NONE', #375, 0.1250000000000001110 ) ;
#1594 = DIRECTION ( 'NONE',  ( 1.000000000000000000, 0.0000000000000000000, -7.885106708985490020E-16 ) ) ;
#1595 =( BOUNDED_SURFACE ( )  B_SPLINE_SURFACE ( 3, 3, ( 
 ( #1399, #2284, #1650, #2518 ),
 ( #327, #1374, #1836, #113 ),
 ( #2071, #969, #299, #2706 ),
 ( #1410, #2274, #349, #1204 ) ),
 .UNSPECIFIED., .F., .F., .F. ) 
 B_SPLINE_SURFACE_WITH_KNOTS ( ( 4, 4 ),
 ( 4, 4 ),
 ( 0.0000000000000000000, 1.000000000000000000 ),
 ( 0.0000000000000000000, 1.000000000000000000 ),
 .UNSPECIFIED. ) 
 GEOMETRIC_REPRESENTATION_ITEM ( )  RATIONAL_B_SPLINE_SURFACE ( (
 ( 1.000000000000000000, 0.8047378541243634942, 0.8047378541243634942, 1.000000000000000000),
 ( 0.8047378541243649375, 0.6476030138606865272, 0.6476030138606865272, 0.8047378541243649375),
 ( 0.8047378541243649375, 0.6476030138606865272, 0.6476030138606865272, 0.8047378541243649375),
 ( 1.000000000000000000, 0.8047378541243634942, 0.8047378541243634942, 1.000000000000000000) ) ) 
 REPRESENTATION_ITEM ( '' )  SURFACE ( )  );
#1596 = CARTESIAN_POINT ( 'NONE',  ( 2.443403200231469174, 0.5000000000000000000, 1.400000000000001688 ) ) ;
#1597 = UNCERTAINTY_MEASURE_WITH_UNIT (LENGTH_MEASURE( 1.000000000000000082E-05 ), #1785, 'distance_accuracy_value', 'NONE');
#1598 = CARTESIAN_POINT ( 'NONE',  ( 2.258857902727324785, 0.5000000000000000000, -1.522908929381498355 ) ) ;
#1599 = DIRECTION ( 'NONE',  ( 0.0000000000000000000, 0.0000000000000000000, -1.000000000000000000 ) ) ;
#1600 = EDGE_CURVE ( 'NONE', #848, #2509, #860, .T. ) ;
#1601 = VERTEX_POINT ( 'NONE', #1689 ) ;
#1602 = CARTESIAN_POINT ( 'NONE',  ( 2.129999999999999449, 0.5000000000000000000, 1.550000000000001821 ) ) ;
#1603 = ADVANCED_FACE ( 'NONE', ( #1522 ), #2582, .F. ) ;
#1604 = CARTESIAN_POINT ( 'NONE',  ( 2.443403200231468730, 0.5000000000000000000, 1.600000000000001865 ) ) ;
#1605 = EDGE_LOOP ( 'NONE', ( #772, #1737, #2573, #1574 ) ) ;
#1606 = CARTESIAN_POINT ( 'NONE',  ( 2.198828759856459758, 0.5289949493661165736, -1.472842956378193291 ) ) ;
#1607 = CARTESIAN_POINT ( 'NONE',  ( 2.230000000000001315, 0.7999999999999999334, -1.205000000000001181 ) ) ;
#1608 = DIRECTION ( 'NONE',  ( 0.0000000000000000000, 0.0000000000000000000, -1.000000000000000000 ) ) ;
#1609 = LINE ( 'NONE', #1838, #1714 ) ;
#1610 = EDGE_LOOP ( 'NONE', ( #649, #2725, #2234, #2553 ) ) ;
#1611 = VERTEX_POINT ( 'NONE', #1906 ) ;
#1612 = DIRECTION ( 'NONE',  ( 0.0000000000000000000, 1.000000000000000000, 0.0000000000000000000 ) ) ;
#1613 = B_SPLINE_CURVE_WITH_KNOTS ( 'NONE', 3,
 ( #1547, #2419, #478, #1328 ),
 .UNSPECIFIED., .F., .F.,
 ( 4, 4 ),
 ( 0.0000000000000000000, 1.000000000000000000 ),
 .UNSPECIFIED. ) ;
#1614 = CARTESIAN_POINT ( 'NONE',  ( -2.443250174634958416, 0.5000000000000000000, -1.307556831778451167 ) ) ;
#1615 = ADVANCED_FACE ( 'NONE', ( #2132 ), #2566, .F. ) ;
#1616 = DIRECTION ( 'NONE',  ( 3.097720492815724700E-16, 0.0000000000000000000, 1.000000000000000000 ) ) ;
#1617 = ORIENTED_EDGE ( 'NONE', *, *, #2782, .T. ) ;
#1618 = CARTESIAN_POINT ( 'NONE',  ( 2.164786486541157906, 0.5289949493661165736, -1.480000000000001759 ) ) ;
#1619 = UNCERTAINTY_MEASURE_WITH_UNIT (LENGTH_MEASURE( 1.000000000000000082E-05 ), #2749, 'distance_accuracy_value', 'NONE');
#1620 = ADVANCED_FACE ( 'NONE', ( #1309 ), #623, .T. ) ;
#1621 = CARTESIAN_POINT ( 'NONE',  ( 2.143403200231469352, -0.005000000000000000104, -1.500000000000000444 ) ) ;
#1622 = LINE ( 'NONE', #1400, #2495 ) ;
#1623 = LINE ( 'NONE', #2507, #92 ) ;
#1624 = CIRCLE ( 'NONE', #2165, 0.06999999999999996503 ) ;
#1625 = ORIENTED_EDGE ( 'NONE', *, *, #2544, .F. ) ;
#1626 =( GEOMETRIC_REPRESENTATION_CONTEXT ( 3 ) GLOBAL_UNCERTAINTY_ASSIGNED_CONTEXT ( ( #2296 ) ) GLOBAL_UNIT_ASSIGNED_CONTEXT ( ( #2081, #1233, #767 ) ) REPRESENTATION_CONTEXT ( 'NONE', 'WORKASPACE' ) );
#1627 = VECTOR ( 'NONE', #612, 1000.000000000000000 ) ;
#1628 = VERTEX_POINT ( 'NONE', #2344 ) ;
#1629 = CIRCLE ( 'NONE', #1895, 0.1999999999999996503 ) ;
#1630 = AXIS2_PLACEMENT_3D ( 'NONE', #2579, #1702, #408 ) ;
#1631 = CARTESIAN_POINT ( 'NONE',  ( -1.300000000000002043, 0.0000000000000000000, 1.500000000000001776 ) ) ;
#1632 = VECTOR ( 'NONE', #2480, 1000.000000000000000 ) ;
#1633 = VECTOR ( 'NONE', #1047, 1000.000000000000000 ) ;
#1634 = EDGE_CURVE ( 'NONE', #1988, #791, #2189, .T. ) ;
#1635 = CARTESIAN_POINT ( 'NONE',  ( -2.500000000000000000, 0.0000000000000000000, -1.600000000000000533 ) ) ;
#1636 = AXIS2_PLACEMENT_3D ( 'NONE', #700, #1324, #2018 ) ;
#1637 = VERTEX_POINT ( 'NONE', #1920 ) ;
#1638 = DIRECTION ( 'NONE',  ( 0.0000000000000000000, -1.000000000000000000, -0.0000000000000000000 ) ) ;
#1639 = ADVANCED_FACE ( 'NONE', ( #1936 ), #2390, .T. ) ;
#1640 = CYLINDRICAL_SURFACE ( 'NONE', #912, 0.2500000000000000000 ) ;
#1641 = LINE ( 'NONE', #971, #456 ) ;
#1642 = VERTEX_POINT ( 'NONE', #609 ) ;
#1643 = ORIENTED_EDGE ( 'NONE', *, *, #2547, .F. ) ;
#1644 = CARTESIAN_POINT ( 'NONE',  ( -2.130000000000000338, 0.4999999999999999445, -1.508994949366118776 ) ) ;
#1645 = CARTESIAN_POINT ( 'NONE',  ( 2.343403200231469530, -0.005000000000000000104, 0.7000000000000017319 ) ) ;
#1646 = LINE ( 'NONE', #978, #1217 ) ;
#1647 = ORIENTED_EDGE ( 'NONE', *, *, #1879, .T. ) ;
#1648 = CARTESIAN_POINT ( 'NONE',  ( 1.243403200231469663, -0.005000000000000000104, 0.7000000000000017319 ) ) ;
#1649 = ADVANCED_FACE ( 'NONE', ( #1462 ), #1709, .F. ) ;
#1650 = CARTESIAN_POINT ( 'NONE',  ( -2.317451660040613870, 0.5000000000000000000, 1.550000000000001821 ) ) ;
#1651 = DIRECTION ( 'NONE',  ( -1.000000000000000000, 0.0000000000000000000, 0.0000000000000000000 ) ) ;
#1652 = DIRECTION ( 'NONE',  ( 0.0000000000000000000, 1.000000000000000000, 0.0000000000000000000 ) ) ;
#1653 = EDGE_CURVE ( 'NONE', #195, #1112, #684, .T. ) ;
#1654 = VERTEX_POINT ( 'NONE', #1323 ) ;
#1655 = ORIENTED_EDGE ( 'NONE', *, *, #2012, .T. ) ;
#1656 = CARTESIAN_POINT ( 'NONE',  ( -2.276446609406728605, 0.5700000000000000622, -1.480000000000002869 ) ) ;
#1657 = CARTESIAN_POINT ( 'NONE',  ( -2.268391518062438106, 0.4999999999999997780, -1.518690302526891411 ) ) ;
#1658 = SURFACE_STYLE_USAGE ( .BOTH. , #795 ) ;
#1659 = DIRECTION ( 'NONE',  ( -0.0000000000000000000, -1.000000000000000000, 0.0000000000000000000 ) ) ;
#1660 = CARTESIAN_POINT ( 'NONE',  ( -2.105000000000000426, 0.8499999999999999778, -1.205000000000001625 ) ) ;
#1661 = CARTESIAN_POINT ( 'NONE',  ( 2.443403200231468286, 0.5000000000000000000, -1.400000000000000355 ) ) ;
#1662 = PLANE ( 'NONE',  #2120 ) ;
#1663 = EDGE_LOOP ( 'NONE', ( #2231, #2744, #2431, #2447 ) ) ;
#1664 = ORIENTED_EDGE ( 'NONE', *, *, #2467, .T. ) ;
#1665 = DIRECTION ( 'NONE',  ( 0.0000000000000000000, 0.0000000000000000000, 1.000000000000000000 ) ) ;
#1666 = EDGE_CURVE ( 'NONE', #445, #1917, #1670, .T. ) ;
#1667 = DIRECTION ( 'NONE',  ( 0.0000000000000000000, 0.0000000000000000000, 1.000000000000000000 ) ) ;
#1668 = COLOUR_RGB ( '',1.000000000000000000, 1.000000000000000000, 1.000000000000000000 ) ;
#1669 = ADVANCED_FACE ( 'NONE', ( #74 ), #61, .F. ) ;
#1670 = CIRCLE ( 'NONE', #367, 0.1250000000000001110 ) ;
#1671 = AXIS2_PLACEMENT_3D ( 'NONE', #2506, #1651, #778 ) ;
#1672 = EDGE_LOOP ( 'NONE', ( #2348, #2699, #2632, #1479, #307, #2153, #1526, #1655, #516, #1232, #2454, #1157, #5, #44 ) ) ;
#1673 = DIRECTION ( 'NONE',  ( 0.0000000000000000000, -0.0000000000000000000, 1.000000000000000000 ) ) ;
#1674 = CIRCLE ( 'NONE', #2646, 0.1250000000000001110 ) ;
#1675 = CYLINDRICAL_SURFACE ( 'NONE', #994, 0.1999999999999996503 ) ;
#1676 = DIRECTION ( 'NONE',  ( 0.0000000000000000000, 0.0000000000000000000, -1.000000000000000000 ) ) ;
#1677 = ORIENTED_EDGE ( 'NONE', *, *, #2097, .F. ) ;
#1678 = CARTESIAN_POINT ( 'NONE',  ( 2.443403200231468286, 0.5000000000000000000, -1.294640808199428506 ) ) ;
#1679 = EDGE_CURVE ( 'NONE', #1482, #1589, #1786, .T. ) ;
#1680 = CARTESIAN_POINT ( 'NONE',  ( 2.230670236499053605, 0.5699999999999999512, -1.458835101073296725 ) ) ;
#1681 = VERTEX_POINT ( 'NONE', #499 ) ;
#1682 = EDGE_CURVE ( 'NONE', #2578, #709, #906, .T. ) ;
#1683 = CARTESIAN_POINT ( 'NONE',  ( -2.500000000000000000, 0.0000000000000000000, -0.6999999999999999556 ) ) ;
#1684 = ORIENTED_EDGE ( 'NONE', *, *, #216, .T. ) ;
#1685 = SURFACE_STYLE_USAGE ( .BOTH. , #2338 ) ;
#1686 = DIRECTION ( 'NONE',  ( -6.921730337728899136E-15, -0.0000000000000000000, -1.000000000000000000 ) ) ;
#1687 = ORIENTED_EDGE ( 'NONE', *, *, #2067, .F. ) ;
#1688 = CARTESIAN_POINT ( 'NONE',  ( 2.376641823088137428, 0.5000000000000000000, 1.410231635004078665 ) ) ;
#1689 = CARTESIAN_POINT ( 'NONE',  ( 2.143403200231469352, -0.005000000000000000104, -1.500000000000000444 ) ) ;
#1690 = DIRECTION ( 'NONE',  ( 0.0000000000000000000, 0.0000000000000000000, -1.000000000000000000 ) ) ;
#1691 = ORIENTED_EDGE ( 'NONE', *, *, #2526, .T. ) ;
#1692 = CARTESIAN_POINT ( 'NONE',  ( 2.143403200231469352, 0.0000000000000000000, -1.599999999999999201 ) ) ;
#1693 =( BOUNDED_SURFACE ( )  B_SPLINE_SURFACE ( 3, 2, ( 
 ( #2144, #859, #2565 ),
 ( #1722, #1244, #396 ),
 ( #2611, #1905, #2374 ),
 ( #2130, #204, #2775 ),
 ( #2103, #192, #1688 ),
 ( #1506, #166, #220 ) ),
 .UNSPECIFIED., .F., .F., .F. ) 
 B_SPLINE_SURFACE_WITH_KNOTS ( ( 4, 2, 4 ),
 ( 3, 3 ),
 ( 0.0001215924922617589270, 0.0002146063564065280136, 0.0003076202205512971002 ),
 ( 0.0000000000000000000, 1.000000000000000000 ),
 .UNSPECIFIED. ) 
 GEOMETRIC_REPRESENTATION_ITEM ( )  RATIONAL_B_SPLINE_SURFACE ( (
 ( 1.000000000000000000, 0.7071067811865494601, 1.000000000000000000),
 ( 1.000000000000000000, 0.7875422844516845045, 1.000000000000000000),
 ( 1.000000000000000000, 0.8665495245013536962, 1.000000000000000000),
 ( 1.000000000000000000, 0.8663805026774684670, 1.000000000000000000),
 ( 1.000000000000000000, 0.7874856773806188093, 1.000000000000000000),
 ( 1.000000000000000000, 0.7071067811865469066, 1.000000000000000000) ) ) 
 REPRESENTATION_ITEM ( '' )  SURFACE ( )  );
#1694 = ORIENTED_EDGE ( 'NONE', *, *, #2547, .T. ) ;
#1695 = CARTESIAN_POINT ( 'NONE',  ( -2.170186110965953930, 0.5000000000000001110, 1.550000000000002043 ) ) ;
#1696 = ORIENTED_EDGE ( 'NONE', *, *, #1699, .T. ) ;
#1697 = ADVANCED_FACE ( 'NONE', ( #1750 ), #844, .F. ) ;
#1698 = CARTESIAN_POINT ( 'NONE',  ( -2.200000000000002842, 0.0000000000000000000, -1.499999999999999778 ) ) ;
#1699 = EDGE_CURVE ( 'NONE', #729, #1373, #932, .T. ) ;
#1700 = FACE_OUTER_BOUND ( 'NONE', #710, .T. ) ;
#1701 = VERTEX_POINT ( 'NONE', #487 ) ;
#1702 = DIRECTION ( 'NONE',  ( 0.0000000000000000000, 0.0000000000000000000, -1.000000000000000000 ) ) ;
#1703 = DIRECTION ( 'NONE',  ( 0.0000000000000000000, 0.0000000000000000000, -1.000000000000000000 ) ) ;
#1704 = DIRECTION ( 'NONE',  ( -0.0000000000000000000, -1.000000000000000000, -0.0000000000000000000 ) ) ;
#1705 = EDGE_LOOP ( 'NONE', ( #504, #2803, #1548, #1500 ) ) ;
#1706 = SURFACE_SIDE_STYLE ('',( #847 ) ) ;
#1707 =( GEOMETRIC_REPRESENTATION_CONTEXT ( 3 ) GLOBAL_UNCERTAINTY_ASSIGNED_CONTEXT ( ( #526 ) ) GLOBAL_UNIT_ASSIGNED_CONTEXT ( ( #133, #296, #81 ) ) REPRESENTATION_CONTEXT ( 'NONE', 'WORKASPACE' ) );
#1708 = AXIS2_PLACEMENT_3D ( 'NONE', #1521, #697, #240 ) ;
#1709 =( BOUNDED_SURFACE ( )  B_SPLINE_SURFACE ( 3, 3, ( 
 ( #1245, #831, #1970, #1106 ),
 ( #2439, #2205, #2028, #2674 ),
 ( #269, #1339, #518, #1771 ),
 ( #310, #27, #2429, #86 ) ),
 .UNSPECIFIED., .F., .F., .F. ) 
 B_SPLINE_SURFACE_WITH_KNOTS ( ( 4, 4 ),
 ( 4, 4 ),
 ( 0.0000000000000000000, 1.000000000000000000 ),
 ( 0.0000000000000000000, 1.000000000000000000 ),
 .UNSPECIFIED. ) 
 GEOMETRIC_REPRESENTATION_ITEM ( )  RATIONAL_B_SPLINE_SURFACE ( (
 ( 1.000000000000000000, 0.9882348268210883191, 0.9882348268210883191, 1.000000000000000000),
 ( 0.8047378541243649375, 0.7952699739069659657, 0.7952699739069659657, 0.8047378541243649375),
 ( 0.8047378541243649375, 0.7952699739069659657, 0.7952699739069659657, 0.8047378541243649375),
 ( 1.000000000000000000, 0.9882348268210883191, 0.9882348268210883191, 1.000000000000000000) ) ) 
 REPRESENTATION_ITEM ( '' )  SURFACE ( )  );
#1710 = STYLED_ITEM ( 'NONE', ( #1225 ), #1454 ) ;
#1711 = PRESENTATION_LAYER_ASSIGNMENT (  '', '', ( #732 ) ) ;
#1712 = LINE ( 'NONE', #588, #2265 ) ;
#1713 = ORIENTED_EDGE ( 'NONE', *, *, #210, .F. ) ;
#1714 = VECTOR ( 'NONE', #2708, 1000.000000000000000 ) ;
#1715 = PRESENTATION_LAYER_ASSIGNMENT (  '', '', ( #368 ) ) ;
#1716 = SURFACE_STYLE_FILL_AREA ( #2551 ) ;
#1717 = CIRCLE ( 'NONE', #641, 0.07000000000000018707 ) ;
#1718 = LINE ( 'NONE', #2594, #988 ) ;
#1719 = MECHANICAL_DESIGN_GEOMETRIC_PRESENTATION_REPRESENTATION (  '', ( #1366 ), #2356 ) ;
#1720 = ADVANCED_FACE ( 'NONE', ( #726 ), #941, .F. ) ;
#1721 = ORIENTED_EDGE ( 'NONE', *, *, #635, .T. ) ;
#1722 = CARTESIAN_POINT ( 'NONE',  ( 2.253008689821276000, 0.5699987028266020328, 1.449007861420273935 ) ) ;
#1723 = SURFACE_STYLE_USAGE ( .BOTH. , #817 ) ;
#1724 = DIRECTION ( 'NONE',  ( 2.710505431213761578E-16, 0.0000000000000000000, -1.000000000000000000 ) ) ;
#1725 = CARTESIAN_POINT ( 'NONE',  ( -1.880000000000002336, 0.8400000000000000799, 0.9800000000000015365 ) ) ;
#1726 = ORIENTED_EDGE ( 'NONE', *, *, #669, .F. ) ;
#1727 = LINE ( 'NONE', #1512, #363 ) ;
#1728 = VERTEX_POINT ( 'NONE', #1813 ) ;
#1729 = CARTESIAN_POINT ( 'NONE',  ( -2.500000000000002220, 0.5000000000000000000, -1.399999999999999467 ) ) ;
#1730 = DIRECTION ( 'NONE',  ( 0.0000000000000000000, -0.0000000000000000000, 1.000000000000000000 ) ) ;
#1731 = ORIENTED_EDGE ( 'NONE', *, *, #14, .T. ) ;
#1732 = DIRECTION ( 'NONE',  ( 0.0000000000000000000, 1.000000000000000000, 0.0000000000000000000 ) ) ;
#1733 = DIRECTION ( 'NONE',  ( 0.0000000000000000000, -1.000000000000000000, 0.0000000000000000000 ) ) ;
#1734 = CARTESIAN_POINT ( 'NONE',  ( 2.443403200231468286, -0.005000000000000003574, -1.300000000000000488 ) ) ;
#1735 = ORIENTED_EDGE ( 'NONE', *, *, #1267, .F. ) ;
#1736 = CARTESIAN_POINT ( 'NONE',  ( 2.380000000000001226, 0.5696884655650695795, -1.230000000000000648 ) ) ;
#1737 = ORIENTED_EDGE ( 'NONE', *, *, #672, .F. ) ;
#1738 = FACE_OUTER_BOUND ( 'NONE', #71, .T. ) ;
#1739 = EDGE_CURVE ( 'NONE', #1642, #1185, #254, .T. ) ;
#1740 = ORIENTED_EDGE ( 'NONE', *, *, #1957, .T. ) ;
#1741 = CARTESIAN_POINT ( 'NONE',  ( 2.143403200231469352, -0.005000000000000003574, 1.600000000000001643 ) ) ;
#1742 =( NAMED_UNIT ( * ) SI_UNIT ( $, .STERADIAN. ) SOLID_ANGLE_UNIT ( ) );
#1743 = ORIENTED_EDGE ( 'NONE', *, *, #1267, .T. ) ;
#1744 = FACE_BOUND ( 'NONE', #1431, .T. ) ;
#1745 = LINE ( 'NONE', #2423, #54 ) ;
#1746 = CARTESIAN_POINT ( 'NONE',  ( -2.104999999999999982, 0.8499999999999999778, 1.330000000000001847 ) ) ;
#1747 = ORIENTED_EDGE ( 'NONE', *, *, #1865, .F. ) ;
#1748 = PLANE ( 'NONE',  #1119 ) ;
#1749 = CARTESIAN_POINT ( 'NONE',  ( 2.310186203072013722, 0.5605511041963167074, -1.405011945805109796 ) ) ;
#1750 = FACE_OUTER_BOUND ( 'NONE', #2239, .T. ) ;
#1751 = CARTESIAN_POINT ( 'NONE',  ( 2.443403200231469174, 0.5000000000000000000, 1.400000000000001688 ) ) ;
#1752 = ADVANCED_FACE ( 'NONE', ( #570 ), #1137, .F. ) ;
#1753 = EDGE_LOOP ( 'NONE', ( #2254, #2417, #2773, #1495 ) ) ;
#1754 = DIRECTION ( 'NONE',  ( 0.0000000000000000000, -1.000000000000000000, -0.0000000000000000000 ) ) ;
#1755 = EDGE_CURVE ( 'NONE', #352, #2621, #2262, .T. ) ;
#1756 = ORIENTED_EDGE ( 'NONE', *, *, #1354, .T. ) ;
#1757 = DIRECTION ( 'NONE',  ( 0.0000000000000000000, 0.0000000000000000000, -1.000000000000000000 ) ) ;
#1758 = CARTESIAN_POINT ( 'NONE',  ( -2.200000000000002842, -0.005000000000000000104, -1.500000000000000000 ) ) ;
#1759 = EDGE_LOOP ( 'NONE', ( #2522, #1422, #1294, #1827 ) ) ;
#1760 = DIRECTION ( 'NONE',  ( 0.0000000000000000000, -0.0000000000000000000, -1.000000000000000000 ) ) ;
#1761 = VECTOR ( 'NONE', #2297, 1000.000000000000000 ) ;
#1762 = VECTOR ( 'NONE', #1960, 1000.000000000000000 ) ;
#1763 = CARTESIAN_POINT ( 'NONE',  ( -2.400000000000003464, 0.0000000000000000000, -1.300000000000000266 ) ) ;
#1764 = DIRECTION ( 'NONE',  ( -1.000000000000000000, 0.0000000000000000000, 8.131516293641285227E-16 ) ) ;
#1765 = ORIENTED_EDGE ( 'NONE', *, *, #707, .T. ) ;
#1766 = AXIS2_PLACEMENT_3D ( 'NONE', #393, #606, #2788 ) ;
#1767 = VECTOR ( 'NONE', #60, 1000.000000000000000 ) ;
#1768 = ORIENTED_EDGE ( 'NONE', *, *, #1983, .F. ) ;
#1769 = CIRCLE ( 'NONE', #2407, 0.06999999999999931277 ) ;
#1770 = AXIS2_PLACEMENT_3D ( 'NONE', #2269, #2034, #336 ) ;
#1771 = CARTESIAN_POINT ( 'NONE',  ( 2.374846250180835394, 0.5289949493661166846, 1.280500631405801393 ) ) ;
#1772 = VECTOR ( 'NONE', #656, 1000.000000000000000 ) ;
#1773 = CARTESIAN_POINT ( 'NONE',  ( -2.400000000000002576, -0.005000000000000000104, 0.7000000000000026201 ) ) ;
#1774 = ORIENTED_EDGE ( 'NONE', *, *, #387, .T. ) ;
#1775 = DIRECTION ( 'NONE',  ( -0.0000000000000000000, -1.000000000000000000, -0.0000000000000000000 ) ) ;
#1776 = EDGE_CURVE ( 'NONE', #687, #312, #1641, .T. ) ;
#1777 = CARTESIAN_POINT ( 'NONE',  ( 2.130000000000001226, 0.7999999999999999334, -1.230000000000002203 ) ) ;
#1778 = VERTEX_POINT ( 'NONE', #1182 ) ;
#1779 = CARTESIAN_POINT ( 'NONE',  ( 2.443403200231469174, -0.005000000000000013115, 1.400000000000001910 ) ) ;
#1780 = EDGE_CURVE ( 'NONE', #1988, #126, #1255, .T. ) ;
#1781 = FILL_AREA_STYLE ('',( #1578 ) ) ;
#1782 = SURFACE_STYLE_FILL_AREA ( #1320 ) ;
#1783 = ORIENTED_EDGE ( 'NONE', *, *, #105, .T. ) ;
#1784 = DIRECTION ( 'NONE',  ( 0.0000000000000000000, 0.0000000000000000000, -1.000000000000000000 ) ) ;
#1785 =( LENGTH_UNIT ( ) NAMED_UNIT ( * ) SI_UNIT ( .MILLI., .METRE. ) );
#1786 = LINE ( 'NONE', #41, #2537 ) ;
#1787 = B_SPLINE_CURVE_WITH_KNOTS ( 'NONE', 3,
 ( #1017, #2561, #1932, #1472, #2128, #826, #1886, #2753, #1504, #2371 ),
 .UNSPECIFIED., .F., .F.,
 ( 4, 2, 2, 2, 4 ),
 ( 0.0000000000000000000, 0.2500000000000000000, 0.5000000000000000000, 0.7500000000000000000, 1.000000000000000000 ),
 .UNSPECIFIED. ) ;
#1788 = DIRECTION ( 'NONE',  ( -3.097720492815724700E-16, -0.0000000000000000000, -1.000000000000000000 ) ) ;
#1789 = VERTEX_POINT ( 'NONE', #779 ) ;
#1790 = CARTESIAN_POINT ( 'NONE',  ( -2.230000000000000870, 0.7999999999999999334, -1.205000000000001181 ) ) ;
#1791 = DIRECTION ( 'NONE',  ( 0.0000000000000000000, 0.0000000000000000000, -1.000000000000000000 ) ) ;
#1792 = FACE_OUTER_BOUND ( 'NONE', #158, .T. ) ;
#1793 = ORIENTED_EDGE ( 'NONE', *, *, #1682, .T. ) ;
#1794 = EDGE_CURVE ( 'NONE', #1085, #630, #1623, .T. ) ;
#1795 = LINE ( 'NONE', #2668, #1952 ) ;
#1796 = DIRECTION ( 'NONE',  ( 1.000000000000000000, 0.0000000000000000000, -0.0000000000000000000 ) ) ;
#1797 = ORIENTED_EDGE ( 'NONE', *, *, #892, .F. ) ;
#1798 = CARTESIAN_POINT ( 'NONE',  ( -2.500000000000001776, -0.005000000000000000104, 1.300000000000002709 ) ) ;
#1799 = DIRECTION ( 'NONE',  ( 0.0000000000000000000, 0.0000000000000000000, -1.000000000000000000 ) ) ;
#1800 = CARTESIAN_POINT ( 'NONE',  ( 1.243403200231469663, 0.0000000000000000000, -1.599999999999999201 ) ) ;
#1801 = APPLICATION_PROTOCOL_DEFINITION ( 'draft international standard', 'automotive_design', 1998, #2155 ) ;
#1802 = LINE ( 'NONE', #2651, #1447 ) ;
#1803 = ORIENTED_EDGE ( 'NONE', *, *, #1832, .T. ) ;
#1804 = DIRECTION ( 'NONE',  ( 0.0000000000000000000, 0.0000000000000000000, -1.000000000000000000 ) ) ;
#1805 = DIRECTION ( 'NONE',  ( 1.000000000000000000, 0.0000000000000000000, -0.0000000000000000000 ) ) ;
#1806 = SURFACE_STYLE_FILL_AREA ( #293 ) ;
#1807 = AXIS2_PLACEMENT_3D ( 'NONE', #936, #1883, #2512 ) ;
#1808 = EDGE_CURVE ( 'NONE', #1637, #239, #1609, .T. ) ;
#1809 = VECTOR ( 'NONE', #2492, 1000.000000000000000 ) ;
#1810 = LINE ( 'NONE', #1824, #1809 ) ;
#1811 = CIRCLE ( 'NONE', #2494, 0.1999999999999996503 ) ;
#1812 = AXIS2_PLACEMENT_3D ( 'NONE', #533, #1391, #947 ) ;
#1813 = CARTESIAN_POINT ( 'NONE',  ( -2.200000000000001954, -0.005000000000000000104, 1.500000000000002442 ) ) ;
#1814 = ADVANCED_FACE ( 'NONE', ( #2496 ), #2286, .F. ) ;
#1815 = AXIS2_PLACEMENT_3D ( 'NONE', #1915, #1238, #2140 ) ;
#1816 = VECTOR ( 'NONE', #1868, 1000.000000000000000 ) ;
#1817 = ORIENTED_EDGE ( 'NONE', *, *, #1242, .T. ) ;
#1818 = ORIENTED_EDGE ( 'NONE', *, *, #993, .F. ) ;
#1819 = DIRECTION ( 'NONE',  ( -1.000000000000000000, 0.0000000000000000000, 0.0000000000000000000 ) ) ;
#1820 = VECTOR ( 'NONE', #610, 1000.000000000000000 ) ;
#1821 = PRESENTATION_LAYER_ASSIGNMENT (  '', '', ( #1543 ) ) ;
#1822 = CARTESIAN_POINT ( 'NONE',  ( 2.380000000000002114, 0.5696884655650695795, 1.229999999999999760 ) ) ;
#1823 = ORIENTED_EDGE ( 'NONE', *, *, #520, .F. ) ;
#1824 = CARTESIAN_POINT ( 'NONE',  ( -2.230000000000000426, 0.8499999999999999778, -1.205000000000000515 ) ) ;
#1825 = CARTESIAN_POINT ( 'NONE',  ( 2.343403200231469530, -0.005000000000000000104, 0.7000000000000017319 ) ) ;
#1826 = DIRECTION ( 'NONE',  ( -1.000000000000000000, 0.0000000000000000000, -0.0000000000000000000 ) ) ;
#1827 = ORIENTED_EDGE ( 'NONE', *, *, #1931, .T. ) ;
#1828 = ORIENTED_EDGE ( 'NONE', *, *, #1808, .T. ) ;
#1829 = CARTESIAN_POINT ( 'NONE',  ( -2.129999999999999893, 0.5000000000000000000, -1.550000000000002043 ) ) ;
#1830 = EDGE_CURVE ( 'NONE', #729, #1184, #559, .T. ) ;
#1831 = DIRECTION ( 'NONE',  ( 0.0000000000000000000, 0.0000000000000000000, -1.000000000000000000 ) ) ;
#1832 = EDGE_CURVE ( 'NONE', #312, #1845, #1869, .T. ) ;
#1833 = CYLINDRICAL_SURFACE ( 'NONE', #1770, 0.2500000000000000000 ) ;
#1834 = ORIENTED_EDGE ( 'NONE', *, *, #973, .F. ) ;
#1835 = CARTESIAN_POINT ( 'NONE',  ( 2.129999999999999449, 0.5000000000000000000, 1.550000000000001821 ) ) ;
#1836 = CARTESIAN_POINT ( 'NONE',  ( -2.293431457505080484, 0.5000000000000000000, 1.508994949366118998 ) ) ;
#1837 = LINE ( 'NONE', #763, #2312 ) ;
#1838 = CARTESIAN_POINT ( 'NONE',  ( -2.300000000000001155, -0.005000000000000013115, 1.600000000000001865 ) ) ;
#1839 = ORIENTED_EDGE ( 'NONE', *, *, #381, .T. ) ;
#1840 = EDGE_LOOP ( 'NONE', ( #34, #153, #1871, #2304 ) ) ;
#1841 = CARTESIAN_POINT ( 'NONE',  ( 2.130000000000001226, 0.5699999999999999512, -1.230000000000002203 ) ) ;
#1842 = ADVANCED_FACE ( 'NONE', ( #1165 ), #1662, .F. ) ;
#1843 = DIRECTION ( 'NONE',  ( 3.097720492815724700E-16, 0.0000000000000000000, 1.000000000000000000 ) ) ;
#1844 = EDGE_CURVE ( 'NONE', #347, #2626, #948, .T. ) ;
#1845 = VERTEX_POINT ( 'NONE', #2520 ) ;
#1846 = CARTESIAN_POINT ( 'NONE',  ( -2.130000000000002114, 0.5699999999999999512, 1.230000000000001759 ) ) ;
#1847 = UNCERTAINTY_MEASURE_WITH_UNIT (LENGTH_MEASURE( 1.000000000000000082E-05 ), #942, 'distance_accuracy_value', 'NONE');
#1848 = CARTESIAN_POINT ( 'NONE',  ( -2.500000000000001332, -0.005000000000000013115, 1.400000000000001688 ) ) ;
#1849 = CARTESIAN_POINT ( 'NONE',  ( 2.380000000000001670, 0.5696884655650694684, -1.600000000000000755 ) ) ;
#1850 = CARTESIAN_POINT ( 'NONE',  ( 2.443403200231468286, 0.5000000000000000000, -1.294640808199428950 ) ) ;
#1851 = AXIS2_PLACEMENT_3D ( 'NONE', #1229, #2101, #650 ) ;
#1852 = MECHANICAL_DESIGN_GEOMETRIC_PRESENTATION_REPRESENTATION (  '', ( #1210 ), #1166 ) ;
#1853 = VERTEX_POINT ( 'NONE', #1430 ) ;
#1854 = AXIS2_PLACEMENT_3D ( 'NONE', #1560, #2420, #867 ) ;
#1855 = CIRCLE ( 'NONE', #1355, 0.1999999999999998723 ) ;
#1856 = ORIENTED_EDGE ( 'NONE', *, *, #744, .F. ) ;
#1857 = AXIS2_PLACEMENT_3D ( 'NONE', #1903, #384, #1231 ) ;
#1858 = VECTOR ( 'NONE', #1352, 1000.000000000000000 ) ;
#1859 = FILL_AREA_STYLE_COLOUR ( '', #508 ) ;
#1860 = AXIS2_PLACEMENT_3D ( 'NONE', #2422, #262, #1116 ) ;
#1861 = VECTOR ( 'NONE', #188, 1000.000000000000000 ) ;
#1862 = EDGE_CURVE ( 'NONE', #2653, #2283, #593, .T. ) ;
#1863 = COLOUR_RGB ( '',1.000000000000000000, 1.000000000000000000, 1.000000000000000000 ) ;
#1864 = LINE ( 'NONE', #1635, #642 ) ;
#1865 = EDGE_CURVE ( 'NONE', #2301, #1728, #152, .T. ) ;
#1866 = DIRECTION ( 'NONE',  ( -0.0000000000000000000, -1.000000000000000000, -0.0000000000000000000 ) ) ;
#1867 = SURFACE_SIDE_STYLE ('',( #308 ) ) ;
#1868 = DIRECTION ( 'NONE',  ( -1.000000000000000000, 0.0000000000000000000, -0.0000000000000000000 ) ) ;
#1869 = LINE ( 'NONE', #1194, #809 ) ;
#1870 = EDGE_LOOP ( 'NONE', ( #1721, #484, #2536, #2769 ) ) ;
#1871 = ORIENTED_EDGE ( 'NONE', *, *, #2149, .F. ) ;
#1872 = CARTESIAN_POINT ( 'NONE',  ( -2.293431457505078264, 0.4999999999999998890, -1.508994949366120109 ) ) ;
#1873 = DIRECTION ( 'NONE',  ( 0.0000000000000000000, 0.0000000000000000000, -1.000000000000000000 ) ) ;
#1874 = CARTESIAN_POINT ( 'NONE',  ( -2.423787632396643410, 0.5000000000000000000, 1.357125199810210070 ) ) ;
#1875 = CARTESIAN_POINT ( 'NONE',  ( 2.242345950151458656, 0.4999999999999996669, -1.485375349743019102 ) ) ;
#1876 = EDGE_CURVE ( 'NONE', #784, #2602, #2316, .T. ) ;
#1877 = CARTESIAN_POINT ( 'NONE',  ( -2.400000000000003464, -0.005000000000000000104, -0.6999999999999997335 ) ) ;
#1878 = CARTESIAN_POINT ( 'NONE',  ( 2.374846250180834950, 0.5699999999999999512, -1.280500631405804279 ) ) ;
#1879 = EDGE_CURVE ( 'NONE', #21, #918, #1718, .T. ) ;
#1880 = VERTEX_POINT ( 'NONE', #827 ) ;
#1881 = VERTEX_POINT ( 'NONE', #2552 ) ;
#1882 =( NAMED_UNIT ( * ) SI_UNIT ( $, .STERADIAN. ) SOLID_ANGLE_UNIT ( ) );
#1883 = DIRECTION ( 'NONE',  ( -1.000000000000000000, 0.0000000000000000000, 0.0000000000000000000 ) ) ;
#1884 =( LENGTH_UNIT ( ) NAMED_UNIT ( * ) SI_UNIT ( .MILLI., .METRE. ) );
#1885 = EDGE_LOOP ( 'NONE', ( #1625, #2563, #1694, #2227 ) ) ;
#1886 = CARTESIAN_POINT ( 'NONE',  ( 2.306869982380169493, 0.5621429057843339017, 1.407388511323424796 ) ) ;
#1887 = DIRECTION ( 'NONE',  ( 0.0000000000000000000, 0.0000000000000000000, -1.000000000000000000 ) ) ;
#1888 = EDGE_CURVE ( 'NONE', #834, #2502, #2610, .T. ) ;
#1889 = FACE_OUTER_BOUND ( 'NONE', #2474, .T. ) ;
#1890 = CARTESIAN_POINT ( 'NONE',  ( 2.368474179291863546, 0.5699999999999999512, -1.311394852321861038 ) ) ;
#1891 = ADVANCED_FACE ( 'NONE', ( #1520 ), #171, .F. ) ;
#1892 = AXIS2_PLACEMENT_3D ( 'NONE', #923, #476, #2693 ) ;
#1893 = DIRECTION ( 'NONE',  ( 0.0000000000000000000, 0.0000000000000000000, -1.000000000000000000 ) ) ;
#1894 = ORIENTED_EDGE ( 'NONE', *, *, #2008, .F. ) ;
#1895 = AXIS2_PLACEMENT_3D ( 'NONE', #2372, #841, #2142 ) ;
#1896 =( GEOMETRIC_REPRESENTATION_CONTEXT ( 3 ) GLOBAL_UNCERTAINTY_ASSIGNED_CONTEXT ( ( #552 ) ) GLOBAL_UNIT_ASSIGNED_CONTEXT ( ( #334, #2094, #1882 ) ) REPRESENTATION_CONTEXT ( 'NONE', 'WORKASPACE' ) );
#1897 = MECHANICAL_DESIGN_GEOMETRIC_PRESENTATION_REPRESENTATION (  '', ( #3 ), #1591 ) ;
#1898 = CARTESIAN_POINT ( 'NONE',  ( 2.380000000000002114, 0.5696884661787683379, 1.246875177067204632 ) ) ;
#1899 = ORIENTED_EDGE ( 'NONE', *, *, #711, .T. ) ;
#1900 = DIRECTION ( 'NONE',  ( 0.0000000000000000000, 0.0000000000000000000, -1.000000000000000000 ) ) ;
#1901 = AXIS2_PLACEMENT_3D ( 'NONE', #2331, #206, #1498 ) ;
#1902 = LINE ( 'NONE', #1275, #1861 ) ;
#1903 = CARTESIAN_POINT ( 'NONE',  ( -2.380000000000002558, 0.7999999999999999334, 1.229999999999999982 ) ) ;
#1904 = VERTEX_POINT ( 'NONE', #1953 ) ;
#1905 = CARTESIAN_POINT ( 'NONE',  ( 2.267875299502499331, 0.5202325212007559152, 1.440853705754588709 ) ) ;
#1906 = CARTESIAN_POINT ( 'NONE',  ( 2.380000000000002114, 0.7999999999999999334, 1.230000000000000870 ) ) ;
#1907 = CARTESIAN_POINT ( 'NONE',  ( -2.130000000000002114, 0.7999999999999999334, 1.230000000000001759 ) ) ;
#1908 = DIRECTION ( 'NONE',  ( 0.0000000000000000000, 1.000000000000000000, 0.0000000000000000000 ) ) ;
#1909 = EDGE_CURVE ( 'NONE', #181, #1628, #1439, .T. ) ;
#1910 = ORIENTED_EDGE ( 'NONE', *, *, #2024, .T. ) ;
#1911 = CARTESIAN_POINT ( 'NONE',  ( -2.500000000000001332, 0.5000000000000000000, 1.400000000000001688 ) ) ;
#1912 = VERTEX_POINT ( 'NONE', #1734 ) ;
#1913 = CARTESIAN_POINT ( 'NONE',  ( 2.374846250180835394, 0.5000000000000000000, 1.280500631405801615 ) ) ;
#1914 = VERTEX_POINT ( 'NONE', #163 ) ;
#1915 = CARTESIAN_POINT ( 'NONE',  ( 2.443403200231468730, 0.5000000000000000000, 1.600000000000001865 ) ) ;
#1916 = CARTESIAN_POINT ( 'NONE',  ( -2.500000000000000888, -0.005000000000000013115, 1.600000000000001643 ) ) ;
#1917 = VERTEX_POINT ( 'NONE', #1260 ) ;
#1918 = ORIENTED_EDGE ( 'NONE', *, *, #485, .F. ) ;
#1919 = SURFACE_STYLE_FILL_AREA ( #1278 ) ;
#1920 = CARTESIAN_POINT ( 'NONE',  ( 2.243403200231468553, -0.005000000000000013115, 1.600000000000001643 ) ) ;
#1921 = CARTESIAN_POINT ( 'NONE',  ( 1.243403200231469663, -0.005000000000000000104, -0.7000000000000003997 ) ) ;
#1922 = LINE ( 'NONE', #818, #1772 ) ;
#1923 = ORIENTED_EDGE ( 'NONE', *, *, #2097, .T. ) ;
#1924 = LINE ( 'NONE', #2366, #136 ) ;
#1925 = EDGE_CURVE ( 'NONE', #1482, #542, #1492, .T. ) ;
#1926 = ORIENTED_EDGE ( 'NONE', *, *, #500, .T. ) ;
#1927 = DIRECTION ( 'NONE',  ( 0.0000000000000000000, 0.0000000000000000000, 1.000000000000000000 ) ) ;
#1928 = PLANE ( 'NONE',  #682 ) ;
#1929 = ORIENTED_EDGE ( 'NONE', *, *, #2086, .T. ) ;
#1930 =( NAMED_UNIT ( * ) PLANE_ANGLE_UNIT ( ) SI_UNIT ( $, .RADIAN. ) );
#1931 = EDGE_CURVE ( 'NONE', #1145, #83, #2587, .T. ) ;
#1932 = CARTESIAN_POINT ( 'NONE',  ( 2.249093337274575166, 0.5684216318552007818, 1.450381328911437118 ) ) ;
#1933 = CARTESIAN_POINT ( 'NONE',  ( 2.397720822543437436, 0.5000000000000000000, -1.405287082172836044 ) ) ;
#1934 = ORIENTED_EDGE ( 'NONE', *, *, #711, .F. ) ;
#1935 = LINE ( 'NONE', #1080, #2308 ) ;
#1936 = FACE_OUTER_BOUND ( 'NONE', #279, .T. ) ;
#1937 = CARTESIAN_POINT ( 'NONE',  ( 2.343403200231469530, -0.005000000000000000104, -0.7000000000000003997 ) ) ;
#1938 = DIRECTION ( 'NONE',  ( 2.710505431213761578E-16, 0.0000000000000000000, -1.000000000000000000 ) ) ;
#1939 = EDGE_LOOP ( 'NONE', ( #2064, #57, #604, #613 ) ) ;
#1940 = DIRECTION ( 'NONE',  ( 1.000000000000000000, 0.0000000000000000000, 0.0000000000000000000 ) ) ;
#1941 = AXIS2_PLACEMENT_3D ( 'NONE', #1519, #1117, #494 ) ;
#1942 = COLOUR_RGB ( '',0.7529411764705882248, 0.7529411764705882248, 0.7529411764705882248 ) ;
#1943 = ORIENTED_EDGE ( 'NONE', *, *, #1499, .F. ) ;
#1944 = DIRECTION ( 'NONE',  ( 0.0000000000000000000, -0.0000000000000000000, 1.000000000000000000 ) ) ;
#1945 = COLOUR_RGB ( '',0.7529411764705882248, 0.7529411764705882248, 0.7529411764705882248 ) ;
#1946 = AXIS2_PLACEMENT_3D ( 'NONE', #820, #18, #227 ) ;
#1947 = FACE_OUTER_BOUND ( 'NONE', #1610, .T. ) ;
#1948 = ORIENTED_EDGE ( 'NONE', *, *, #1296, .F. ) ;
#1949 = SURFACE_STYLE_USAGE ( .BOTH. , #2799 ) ;
#1950 = CIRCLE ( 'NONE', #1359, 0.1250000000000001110 ) ;
#1951 = AXIS2_PLACEMENT_3D ( 'NONE', #1331, #2187, #1760 ) ;
#1952 = VECTOR ( 'NONE', #1370, 1000.000000000000000 ) ;
#1953 = CARTESIAN_POINT ( 'NONE',  ( -2.450000000000002398, 0.5000000000000000000, 1.229999999999999982 ) ) ;
#1954 = ORIENTED_EDGE ( 'NONE', *, *, #1160, .F. ) ;
#1955 = VECTOR ( 'NONE', #2464, 1000.000000000000000 ) ;
#1956 =( LENGTH_UNIT ( ) NAMED_UNIT ( * ) SI_UNIT ( .MILLI., .METRE. ) );
#1957 = EDGE_CURVE ( 'NONE', #1845, #1104, #1811, .T. ) ;
#1958 = FILL_AREA_STYLE_COLOUR ( '', #690 ) ;
#1959 = ORIENTED_EDGE ( 'NONE', *, *, #1128, .F. ) ;
#1960 = DIRECTION ( 'NONE',  ( 0.0000000000000000000, -0.0000000000000000000, 1.000000000000000000 ) ) ;
#1961 = EDGE_LOOP ( 'NONE', ( #2056, #2367 ) ) ;
#1962 = CARTESIAN_POINT ( 'NONE',  ( -2.105000000000000426, 0.7999999999999999334, -1.205000000000001625 ) ) ;
#1963 = FILL_AREA_STYLE ('',( #434 ) ) ;
#1964 = ORIENTED_EDGE ( 'NONE', *, *, #2643, .F. ) ;
#1965 = DIRECTION ( 'NONE',  ( 8.131516293641285227E-16, 0.0000000000000000000, 1.000000000000000000 ) ) ;
#1966 = LINE ( 'NONE', #1139, #2719 ) ;
#1967 = EDGE_CURVE ( 'NONE', #2394, #981, #1487, .T. ) ;
#1968 = CARTESIAN_POINT ( 'NONE',  ( 2.130000000000001670, 0.5699999999999999512, 1.230000000000001759 ) ) ;
#1969 = FILL_AREA_STYLE ('',( #2204 ) ) ;
#1970 = CARTESIAN_POINT ( 'NONE',  ( 2.435246949493584889, 0.4999999999999998890, 1.334185410971979291 ) ) ;
#1971 = ADVANCED_FACE ( 'NONE', ( #1700 ), #2562, .F. ) ;
#1972 = SURFACE_STYLE_FILL_AREA ( #1096 ) ;
#1973 = ORIENTED_EDGE ( 'NONE', *, *, #892, .T. ) ;
#1974 = CARTESIAN_POINT ( 'NONE',  ( 2.230000000000001315, 0.8499999999999999778, -1.205000000000000515 ) ) ;
#1975 = ORIENTED_EDGE ( 'NONE', *, *, #305, .F. ) ;
#1976 = PLANE ( 'NONE',  #853 ) ;
#1977 = ORIENTED_EDGE ( 'NONE', *, *, #1409, .T. ) ;
#1978 = CARTESIAN_POINT ( 'NONE',  ( 2.243403200231468553, 0.5000000000000000000, -1.600000000000000533 ) ) ;
#1979 = DIRECTION ( 'NONE',  ( -0.0000000000000000000, -1.000000000000000000, 0.0000000000000000000 ) ) ;
#1980 = FACE_OUTER_BOUND ( 'NONE', #432, .T. ) ;
#1981 = ORIENTED_EDGE ( 'NONE', *, *, #2526, .F. ) ;
#1982 = DIRECTION ( 'NONE',  ( 1.000000000000000000, -0.0000000000000000000, 0.0000000000000000000 ) ) ;
#1983 = EDGE_CURVE ( 'NONE', #2119, #1778, #2757, .T. ) ;
#1984 = DIRECTION ( 'NONE',  ( 0.0000000000000000000, 0.0000000000000000000, -1.000000000000000000 ) ) ;
#1985 = ORIENTED_EDGE ( 'NONE', *, *, #2521, .F. ) ;
#1986 = CARTESIAN_POINT ( 'NONE',  ( -2.130000000000000338, 0.5699999999999999512, -1.480000000000002203 ) ) ;
#1987 = EDGE_CURVE ( 'NONE', #1369, #1853, #1241, .T. ) ;
#1988 = VERTEX_POINT ( 'NONE', #1933 ) ;
#1989 = CARTESIAN_POINT ( 'NONE',  ( -2.230000000000000870, 0.7999999999999999334, 1.230000000000001759 ) ) ;
#1990 = CARTESIAN_POINT ( 'NONE',  ( -2.105000000000000426, 0.8499999999999999778, -1.205000000000001625 ) ) ;
#1991 = ORIENTED_EDGE ( 'NONE', *, *, #993, .T. ) ;
#1992 = LINE ( 'NONE', #52, #2311 ) ;
#1993 = VECTOR ( 'NONE', #674, 1000.000000000000000 ) ;
#1994 = AXIS2_PLACEMENT_3D ( 'NONE', #2541, #1873, #793 ) ;
#1995 = AXIS2_PLACEMENT_3D ( 'NONE', #2545, #335, #1843 ) ;
#1996 = ORIENTED_EDGE ( 'NONE', *, *, #2176, .F. ) ;
#1997 = VECTOR ( 'NONE', #369, 1000.000000000000000 ) ;
#1998 = CIRCLE ( 'NONE', #2045, 0.1999999999999998723 ) ;
#1999 = LINE ( 'NONE', #680, #2581 ) ;
#2000 = MECHANICAL_DESIGN_GEOMETRIC_PRESENTATION_REPRESENTATION (  '', ( #53 ), #2722 ) ;
#2001 = CIRCLE ( 'NONE', #2580, 0.1999999999999998723 ) ;
#2002 = CARTESIAN_POINT ( 'NONE',  ( 2.334155746215272220, 0.5149042807133454858, -1.374584245266132321 ) ) ;
#2003 = CARTESIAN_POINT ( 'NONE',  ( 2.105000000000001315, 0.8499999999999999778, 1.205000000000001625 ) ) ;
#2004 = SHAPE_DEFINITION_REPRESENTATION ( #717, #1376 ) ;
#2005 = CARTESIAN_POINT ( 'NONE',  ( -2.500000000000002220, -0.005000000000000013115, -1.300000000000000266 ) ) ;
#2006 = ORIENTED_EDGE ( 'NONE', *, *, #2210, .T. ) ;
#2007 = CARTESIAN_POINT ( 'NONE',  ( 2.230000000000001315, 0.8499999999999999778, -1.205000000000001181 ) ) ;
#2008 = EDGE_CURVE ( 'NONE', #725, #372, #620, .T. ) ;
#2009 = PLANE ( 'NONE',  #1122 ) ;
#2010 = ORIENTED_EDGE ( 'NONE', *, *, #2636, .T. ) ;
#2011 = FACE_OUTER_BOUND ( 'NONE', #1554, .T. ) ;
#2012 = EDGE_CURVE ( 'NONE', #1628, #2352, #1473, .T. ) ;
#2013 = DIRECTION ( 'NONE',  ( 0.0000000000000000000, 0.0000000000000000000, -1.000000000000000000 ) ) ;
#2014 = DIRECTION ( 'NONE',  ( 8.131516293641285227E-16, 0.0000000000000000000, 1.000000000000000000 ) ) ;
#2015 = VERTEX_POINT ( 'NONE', #189 ) ;
#2016 = FILL_AREA_STYLE_COLOUR ( '', #132 ) ;
#2017 = CARTESIAN_POINT ( 'NONE',  ( 2.130000000000000338, 0.5699999999999999512, 1.480000000000001759 ) ) ;
#2018 = DIRECTION ( 'NONE',  ( 1.000000000000000000, 0.0000000000000000000, 0.0000000000000000000 ) ) ;
#2019 =( LENGTH_UNIT ( ) NAMED_UNIT ( * ) SI_UNIT ( .MILLI., .METRE. ) );
#2020 = ORIENTED_EDGE ( 'NONE', *, *, #2188, .F. ) ;
#2021 = LINE ( 'NONE', #31, #2258 ) ;
#2022 = CARTESIAN_POINT ( 'NONE',  ( -2.380000000000002558, 0.7999999999999999334, 1.230000000000000870 ) ) ;
#2023 = EDGE_CURVE ( 'NONE', #2352, #333, #1629, .T. ) ;
#2024 = EDGE_CURVE ( 'NONE', #175, #465, #856, .T. ) ;
#2025 = DIRECTION ( 'NONE',  ( 1.000000000000000000, 0.0000000000000000000, -0.0000000000000000000 ) ) ;
#2026 = ORIENTED_EDGE ( 'NONE', *, *, #1107, .T. ) ;
#2027 = DIRECTION ( 'NONE',  ( 0.0000000000000000000, 0.0000000000000000000, -1.000000000000000000 ) ) ;
#2028 = CARTESIAN_POINT ( 'NONE',  ( 2.396132366306638950, 0.5000000000000000000, 1.320835010808798948 ) ) ;
#2029 = FILL_AREA_STYLE_COLOUR ( '', #468 ) ;
#2030 = CARTESIAN_POINT ( 'NONE',  ( 2.443403200231469174, -0.005000000000000013115, 1.400000000000001688 ) ) ;
#2031 = ORIENTED_EDGE ( 'NONE', *, *, #1110, .T. ) ;
#2032 = CARTESIAN_POINT ( 'NONE',  ( -2.400000000000002576, -0.005000000000000000104, 0.7000000000000026201 ) ) ;
#2033 = DIRECTION ( 'NONE',  ( 1.000000000000000000, 0.0000000000000000000, -0.0000000000000000000 ) ) ;
#2034 = DIRECTION ( 'NONE',  ( -0.0000000000000000000, -1.000000000000000000, -0.0000000000000000000 ) ) ;
#2035 = EDGE_LOOP ( 'NONE', ( #2432, #1367, #1253, #246, #955, #2208, #1389 ) ) ;
#2036 = LINE ( 'NONE', #96, #2458 ) ;
#2037 =( GEOMETRIC_REPRESENTATION_CONTEXT ( 3 ) GLOBAL_UNCERTAINTY_ASSIGNED_CONTEXT ( ( #2453 ) ) GLOBAL_UNIT_ASSIGNED_CONTEXT ( ( #260, #924, #1742 ) ) REPRESENTATION_CONTEXT ( 'NONE', 'WORKASPACE' ) );
#2038 = EDGE_CURVE ( 'NONE', #1917, #321, #422, .T. ) ;
#2039 = DIRECTION ( 'NONE',  ( 0.0000000000000000000, -0.0000000000000000000, 1.000000000000000000 ) ) ;
#2040 = CARTESIAN_POINT ( 'NONE',  ( -2.130000000000002558, 0.7999999999999999334, -1.230000000000002203 ) ) ;
#2041 = AXIS2_PLACEMENT_3D ( 'NONE', #351, #2073, #764 ) ;
#2042 = MECHANICAL_DESIGN_GEOMETRIC_PRESENTATION_REPRESENTATION (  '', ( #2755 ), #810 ) ;
#2043 = DIRECTION ( 'NONE',  ( -1.000000000000000000, 0.0000000000000000000, 4.772643433584183416E-17 ) ) ;
#2044 = PRESENTATION_LAYER_ASSIGNMENT (  '', '', ( #3 ) ) ;
#2045 = AXIS2_PLACEMENT_3D ( 'NONE', #2718, #528, #2519 ) ;
#2046 = ORIENTED_EDGE ( 'NONE', *, *, #235, .F. ) ;
#2047 = ORIENTED_EDGE ( 'NONE', *, *, #48, .T. ) ;
#2048 = CARTESIAN_POINT ( 'NONE',  ( 2.230000000000001315, 0.8499999999999999778, 1.205000000000000737 ) ) ;
#2049 = MECHANICAL_DESIGN_GEOMETRIC_PRESENTATION_REPRESENTATION (  '', ( #2690 ), #55 ) ;
#2050 = DIRECTION ( 'NONE',  ( -0.0000000000000000000, -1.000000000000000000, -0.0000000000000000000 ) ) ;
#2051 = DIRECTION ( 'NONE',  ( -0.0000000000000000000, -1.000000000000000000, -0.0000000000000000000 ) ) ;
#2052 = ORIENTED_EDGE ( 'NONE', *, *, #2436, .T. ) ;
#2053 = CARTESIAN_POINT ( 'NONE',  ( 2.258857902733178324, 0.5000000000000000000, 1.522908929367488673 ) ) ;
#2054 = CARTESIAN_POINT ( 'NONE',  ( 2.339156892612060723, 0.5699999999999999512, -1.366943032947529169 ) ) ;
#2055 = ADVANCED_FACE ( 'NONE', ( #2157 ), #218, .F. ) ;
#2056 = ORIENTED_EDGE ( 'NONE', *, *, #2748, .T. ) ;
#2057 = EDGE_CURVE ( 'NONE', #2147, #1917, #1966, .T. ) ;
#2058 = CARTESIAN_POINT ( 'NONE',  ( -2.210450736058176435, 0.5000000000000001110, -1.542510752113328332 ) ) ;
#2059 = CARTESIAN_POINT ( 'NONE',  ( -2.500000000000001776, 0.0000000000000000000, 1.300000000000002709 ) ) ;
#2060 = CARTESIAN_POINT ( 'NONE',  ( 2.258857902733177436, 0.4999999999999998890, -1.522908929367489117 ) ) ;
#2061 = SURFACE_STYLE_USAGE ( .BOTH. , #1867 ) ;
#2062 = CARTESIAN_POINT ( 'NONE',  ( -2.104999999999999982, 0.7999999999999999334, -1.330000000000001847 ) ) ;
#2063 = ORIENTED_EDGE ( 'NONE', *, *, #976, .T. ) ;
#2064 = ORIENTED_EDGE ( 'NONE', *, *, #466, .T. ) ;
#2065 = FACE_OUTER_BOUND ( 'NONE', #1005, .T. ) ;
#2066 = FILL_AREA_STYLE_COLOUR ( '', #904 ) ;
#2067 = EDGE_CURVE ( 'NONE', #1085, #725, #2452, .T. ) ;
#2068 = CARTESIAN_POINT ( 'NONE',  ( -2.287912485986795197, 0.4999999999999998890, -1.508547894179391502 ) ) ;
#2069 = PRESENTATION_STYLE_ASSIGNMENT (( #1201 ) ) ;
#2070 = CARTESIAN_POINT ( 'NONE',  ( 2.443403200231468730, 0.0000000000000000000, -1.300000000000000488 ) ) ;
#2071 = CARTESIAN_POINT ( 'NONE',  ( -2.380000000000002114, 0.5289949493661166846, 1.230000000000000204 ) ) ;
#2072 = PLANE ( 'NONE',  #1671 ) ;
#2073 = DIRECTION ( 'NONE',  ( 7.885106708985490020E-16, -0.0000000000000000000, 1.000000000000000000 ) ) ;
#2074 =( GEOMETRIC_REPRESENTATION_CONTEXT ( 3 ) GLOBAL_UNCERTAINTY_ASSIGNED_CONTEXT ( ( #1334 ) ) GLOBAL_UNIT_ASSIGNED_CONTEXT ( ( #2593, #217, #435 ) ) REPRESENTATION_CONTEXT ( 'NONE', 'WORKASPACE' ) );
#2075 = AXIS2_PLACEMENT_3D ( 'NONE', #382, #2531, #1927 ) ;
#2076 = ORIENTED_EDGE ( 'NONE', *, *, #2748, .F. ) ;
#2077 = STYLED_ITEM ( 'NONE', ( #1207 ), #1552 ) ;
#2078 = AXIS2_PLACEMENT_3D ( 'NONE', #304, #1159, #2033 ) ;
#2079 = ORIENTED_EDGE ( 'NONE', *, *, #2008, .T. ) ;
#2080 = DIRECTION ( 'NONE',  ( 0.0000000000000000000, 0.0000000000000000000, -1.000000000000000000 ) ) ;
#2081 =( LENGTH_UNIT ( ) NAMED_UNIT ( * ) SI_UNIT ( .MILLI., .METRE. ) );
#2082 = CIRCLE ( 'NONE', #2455, 0.06999999999999996503 ) ;
#2083 = CARTESIAN_POINT ( 'NONE',  ( -2.130000000000000338, 0.5699999999999999512, 1.480000000000001759 ) ) ;
#2084 = VECTOR ( 'NONE', #1638, 1000.000000000000000 ) ;
#2085 = AXIS2_PLACEMENT_3D ( 'NONE', #69, #2175, #1102 ) ;
#2086 = EDGE_CURVE ( 'NONE', #1112, #95, #2647, .T. ) ;
#2087 = CARTESIAN_POINT ( 'NONE',  ( -1.880000000000002336, 0.8400000000000000799, 0.9800000000000015365 ) ) ;
#2088 = CARTESIAN_POINT ( 'NONE',  ( 2.206811505484342018, 0.4999999999999996669, -1.501007833274608405 ) ) ;
#2089 = EDGE_CURVE ( 'NONE', #819, #2502, #2082, .T. ) ;
#2090 =( LENGTH_UNIT ( ) NAMED_UNIT ( * ) SI_UNIT ( .MILLI., .METRE. ) );
#2091 = CARTESIAN_POINT ( 'NONE',  ( 2.443403200231469174, 0.5699999999999999512, 1.294640808199425619 ) ) ;
#2092 = CARTESIAN_POINT ( 'NONE',  ( 2.380000000000000782, 0.5060018284693131863, -1.230000000000000870 ) ) ;
#2093 = ORIENTED_EDGE ( 'NONE', *, *, #1413, .F. ) ;
#2094 =( NAMED_UNIT ( * ) PLANE_ANGLE_UNIT ( ) SI_UNIT ( $, .RADIAN. ) );
#2095 = CARTESIAN_POINT ( 'NONE',  ( 2.382698109268980513, 0.5000000000000008882, -1.353373826869752827 ) ) ;
#2096 = SURFACE_STYLE_FILL_AREA ( #119 ) ;
#2097 = EDGE_CURVE ( 'NONE', #2626, #2659, #1212, .T. ) ;
#2098 = ORIENTED_EDGE ( 'NONE', *, *, #1019, .F. ) ;
#2099 =( NAMED_UNIT ( * ) PLANE_ANGLE_UNIT ( ) SI_UNIT ( $, .RADIAN. ) );
#2100 = EDGE_CURVE ( 'NONE', #333, #389, #37, .T. ) ;
#2101 = DIRECTION ( 'NONE',  ( -1.000000000000000000, 0.0000000000000000000, 0.0000000000000000000 ) ) ;
#2102 = CARTESIAN_POINT ( 'NONE',  ( -2.500000000000000000, 0.5000000000000000000, -1.599999999999999201 ) ) ;
#2103 = CARTESIAN_POINT ( 'NONE',  ( 2.325781213131292713, 0.5699986783465401663, 1.387372079219961529 ) ) ;
#2104 = PLANE ( 'NONE',  #815 ) ;
#2105 = PRESENTATION_STYLE_ASSIGNMENT (( #1235 ) ) ;
#2106 = CARTESIAN_POINT ( 'NONE',  ( -2.392033827123747347, 0.5000000000000002220, 1.416113694795026134 ) ) ;
#2107 = ORIENTED_EDGE ( 'NONE', *, *, #500, .F. ) ;
#2108 = CARTESIAN_POINT ( 'NONE',  ( -2.500000000000001332, 0.5000000000000000000, 1.400000000000001910 ) ) ;
#2109 = FILL_AREA_STYLE_COLOUR ( '', #2459 ) ;
#2110 = DIRECTION ( 'NONE',  ( -0.0000000000000000000, -1.000000000000000000, -0.0000000000000000000 ) ) ;
#2111 = EDGE_CURVE ( 'NONE', #417, #2652, #1769, .T. ) ;
#2112 = ORIENTED_EDGE ( 'NONE', *, *, #886, .T. ) ;
#2113 = CARTESIAN_POINT ( 'NONE',  ( 2.243403200231468997, 0.5000000000000000000, -1.600000000000000533 ) ) ;
#2114 = FACE_OUTER_BOUND ( 'NONE', #107, .T. ) ;
#2115 = ADVANCED_FACE ( 'NONE', ( #2434 ), #737, .F. ) ;
#2116 = VECTOR ( 'NONE', #2152, 1000.000000000000000 ) ;
#2117 = VECTOR ( 'NONE', #934, 1000.000000000000000 ) ;
#2118 = CARTESIAN_POINT ( 'NONE',  ( 2.297775292964321814, 0.5605556802565647700, -1.415522008862991399 ) ) ;
#2119 = VERTEX_POINT ( 'NONE', #297 ) ;
#2120 = AXIS2_PLACEMENT_3D ( 'NONE', #998, #2734, #140 ) ;
#2121 = CIRCLE ( 'NONE', #1256, 0.06999999999999996503 ) ;
#2122 = VECTOR ( 'NONE', #1386, 1000.000000000000000 ) ;
#2123 = ORIENTED_EDGE ( 'NONE', *, *, #2743, .T. ) ;
#2124 = CARTESIAN_POINT ( 'NONE',  ( -2.450000000000002398, 0.5000000000000001110, 1.271187300371559914 ) ) ;
#2125 = ORIENTED_EDGE ( 'NONE', *, *, #1090, .T. ) ;
#2126 = CARTESIAN_POINT ( 'NONE',  ( -2.400000000000002576, -0.005000000000000000104, 1.300000000000002709 ) ) ;
#2127 = VECTOR ( 'NONE', #714, 1000.000000000000000 ) ;
#2128 = CARTESIAN_POINT ( 'NONE',  ( 2.285394830767319085, 0.5605556802566245000, 1.426008702032951936 ) ) ;
#2129 = DIRECTION ( 'NONE',  ( 3.097720492815724700E-16, -0.0000000000000000000, 1.000000000000000000 ) ) ;
#2130 = CARTESIAN_POINT ( 'NONE',  ( 2.310245777873485729, 0.5605690749314719001, 1.404950588769114272 ) ) ;
#2131 = EDGE_CURVE ( 'NONE', #1185, #784, #1150, .T. ) ;
#2132 = FACE_OUTER_BOUND ( 'NONE', #1012, .T. ) ;
#2133 = SURFACE_STYLE_FILL_AREA ( #1268 ) ;
#2134 = ORIENTED_EDGE ( 'NONE', *, *, #353, .T. ) ;
#2135 = LINE ( 'NONE', #182, #224 ) ;
#2136 = ADVANCED_FACE ( 'NONE', ( #1980 ), #708, .F. ) ;
#2137 = ORIENTED_EDGE ( 'NONE', *, *, #2477, .F. ) ;
#2138 = FACE_OUTER_BOUND ( 'NONE', #2569, .T. ) ;
#2139 = ORIENTED_EDGE ( 'NONE', *, *, #1739, .F. ) ;
#2140 = DIRECTION ( 'NONE',  ( 0.0000000000000000000, 0.0000000000000000000, -1.000000000000000000 ) ) ;
#2141 = LINE ( 'NONE', #1877, #852 ) ;
#2142 = DIRECTION ( 'NONE',  ( 0.0000000000000000000, 0.0000000000000000000, -1.000000000000000000 ) ) ;
#2143 = VERTEX_POINT ( 'NONE', #451 ) ;
#2144 = CARTESIAN_POINT ( 'NONE',  ( 2.230670236510295723, 0.5699999999999999512, 1.458835101068350459 ) ) ;
#2145 = EDGE_CURVE ( 'NONE', #195, #1511, #1304, .T. ) ;
#2146 = LINE ( 'NONE', #625, #282 ) ;
#2147 = VERTEX_POINT ( 'NONE', #1746 ) ;
#2148 = CARTESIAN_POINT ( 'NONE',  ( -2.300000000000002043, -0.005000000000000013115, -1.600000000000000755 ) ) ;
#2149 = EDGE_CURVE ( 'NONE', #172, #239, #2411, .T. ) ;
#2150 = EDGE_LOOP ( 'NONE', ( #1467, #644, #1948, #1461, #1196, #2026 ) ) ;
#2151 = CARTESIAN_POINT ( 'NONE',  ( -2.230000000000000426, 0.8499999999999999778, 1.205000000000000737 ) ) ;
#2152 = DIRECTION ( 'NONE',  ( -0.0000000000000000000, -1.000000000000000000, -0.0000000000000000000 ) ) ;
#2153 = ORIENTED_EDGE ( 'NONE', *, *, #2359, .T. ) ;
#2154 = DIRECTION ( 'NONE',  ( -2.710505431213761578E-16, 0.0000000000000000000, -1.000000000000000000 ) ) ;
#2155 = APPLICATION_CONTEXT ( 'automotive_design' ) ;
#2156 = DIRECTION ( 'NONE',  ( 0.0000000000000000000, 0.0000000000000000000, -1.000000000000000000 ) ) ;
#2157 = FACE_OUTER_BOUND ( 'NONE', #2288, .T. ) ;
#2158 = ORIENTED_EDGE ( 'NONE', *, *, #1957, .F. ) ;
#2159 = SURFACE_STYLE_USAGE ( .BOTH. , #1120 ) ;
#2160 = FILL_AREA_STYLE_COLOUR ( '', #1488 ) ;
#2161 =( LENGTH_UNIT ( ) NAMED_UNIT ( * ) SI_UNIT ( .MILLI., .METRE. ) );
#2162 =( NAMED_UNIT ( * ) SI_UNIT ( $, .STERADIAN. ) SOLID_ANGLE_UNIT ( ) );
#2163 = ORIENTED_EDGE ( 'NONE', *, *, #1888, .T. ) ;
#2164 = DIRECTION ( 'NONE',  ( 0.0000000000000000000, 1.000000000000000000, 0.0000000000000000000 ) ) ;
#2165 = AXIS2_PLACEMENT_3D ( 'NONE', #490, #966, #2637 ) ;
#2166 = ORIENTED_EDGE ( 'NONE', *, *, #2192, .T. ) ;
#2167 = CYLINDRICAL_SURFACE ( 'NONE', #1026, 0.1250000000000001110 ) ;
#2168 = VECTOR ( 'NONE', #1124, 1000.000000000000000 ) ;
#2169 = CIRCLE ( 'NONE', #1484, 0.07000000000000022871 ) ;
#2170 = CARTESIAN_POINT ( 'NONE',  ( -2.380000000000002558, 0.7999999999999999334, -1.230000000000001315 ) ) ;
#2171 = ORIENTED_EDGE ( 'NONE', *, *, #2397, .F. ) ;
#2172 = EDGE_CURVE ( 'NONE', #1369, #780, #322, .T. ) ;
#2173 = VECTOR ( 'NONE', #2405, 1000.000000000000000 ) ;
#2174 = VECTOR ( 'NONE', #1411, 1000.000000000000000 ) ;
#2175 = DIRECTION ( 'NONE',  ( 0.0000000000000000000, 1.000000000000000000, 0.0000000000000000000 ) ) ;
#2176 = EDGE_CURVE ( 'NONE', #2385, #661, #1717, .T. ) ;
#2177 =( NAMED_UNIT ( * ) PLANE_ANGLE_UNIT ( ) SI_UNIT ( $, .RADIAN. ) );
#2178 = CARTESIAN_POINT ( 'NONE',  ( -2.230000000000000426, 0.8499999999999999778, -1.205000000000000515 ) ) ;
#2179 = CARTESIAN_POINT ( 'NONE',  ( 2.339156892612061611, 0.5000000000000000000, -1.366943032947528724 ) ) ;
#2180 = DIRECTION ( 'NONE',  ( 0.0000000000000000000, 0.0000000000000000000, -1.000000000000000000 ) ) ;
#2181 = FACE_OUTER_BOUND ( 'NONE', #1663, .T. ) ;
#2182 = ORIENTED_EDGE ( 'NONE', *, *, #2309, .T. ) ;
#2183 =( LENGTH_UNIT ( ) NAMED_UNIT ( * ) SI_UNIT ( .MILLI., .METRE. ) );
#2184 = VERTEX_POINT ( 'NONE', #134 ) ;
#2185 = DIRECTION ( 'NONE',  ( -0.0000000000000000000, 0.0000000000000000000, -1.000000000000000000 ) ) ;
#2186 = VERTEX_POINT ( 'NONE', #2070 ) ;
#2187 = DIRECTION ( 'NONE',  ( 0.0000000000000000000, -1.000000000000000000, 0.0000000000000000000 ) ) ;
#2188 = EDGE_CURVE ( 'NONE', #1778, #636, #259, .T. ) ;
#2189 = B_SPLINE_CURVE_WITH_KNOTS ( 'NONE', 3,
 ( #1265, #1292, #193, #439 ),
 .UNSPECIFIED., .F., .F.,
 ( 4, 4 ),
 ( 0.0000000000000000000, 0.0001878504734942231988 ),
 .UNSPECIFIED. ) ;
#2190 = SURFACE_STYLE_USAGE ( .BOTH. , #1332 ) ;
#2191 = DIRECTION ( 'NONE',  ( -0.0000000000000000000, -1.000000000000000000, -0.0000000000000000000 ) ) ;
#2192 = EDGE_CURVE ( 'NONE', #2615, #1151, #2222, .T. ) ;
#2193 = FACE_OUTER_BOUND ( 'NONE', #2793, .T. ) ;
#2194 = CARTESIAN_POINT ( 'NONE',  ( 2.143403200231469352, 0.0000000000000000000, -1.599999999999999201 ) ) ;
#2195 = SURFACE_SIDE_STYLE ('',( #1972 ) ) ;
#2196 = ORIENTED_EDGE ( 'NONE', *, *, #1830, .F. ) ;
#2197 = CARTESIAN_POINT ( 'NONE',  ( 2.283341318019837196, 0.5000000000000000000, 1.464299039521892443 ) ) ;
#2198 = CARTESIAN_POINT ( 'NONE',  ( -2.300000000000001155, 0.5000000000000000000, 1.600000000000001865 ) ) ;
#2199 = CARTESIAN_POINT ( 'NONE',  ( -2.130000000000000338, 0.5699999999999999512, -1.550000000000002043 ) ) ;
#2200 = ORIENTED_EDGE ( 'NONE', *, *, #1967, .T. ) ;
#2201 = CARTESIAN_POINT ( 'NONE',  ( 2.105000000000000426, 0.8499999999999999778, -1.330000000000001847 ) ) ;
#2202 = PRODUCT_DEFINITION ( 'UNKNOWN', '', #145, #1372 ) ;
#2203 = FILL_AREA_STYLE_COLOUR ( '', #2679 ) ;
#2204 = FILL_AREA_STYLE_COLOUR ( '', #2762 ) ;
#2205 = CARTESIAN_POINT ( 'NONE',  ( 2.382698109268981401, 0.5000000000000000000, 1.353373826869752605 ) ) ;
#2206 = ADVANCED_FACE ( 'NONE', ( #750 ), #79, .F. ) ;
#2207 = DIRECTION ( 'NONE',  ( 0.0000000000000000000, 0.0000000000000000000, -1.000000000000000000 ) ) ;
#2208 = ORIENTED_EDGE ( 'NONE', *, *, #2521, .T. ) ;
#2209 = CARTESIAN_POINT ( 'NONE',  ( 2.335881768065216857, 0.5000000000017357227, 1.419795390475218966 ) ) ;
#2210 = EDGE_CURVE ( 'NONE', #1184, #1914, #1397, .T. ) ;
#2211 = CARTESIAN_POINT ( 'NONE',  ( -2.400000000000002576, -0.005000000000000000104, 0.7000000000000026201 ) ) ;
#2212 = DIRECTION ( 'NONE',  ( -0.0000000000000000000, -0.0000000000000000000, -1.000000000000000000 ) ) ;
#2213 = ORIENTED_EDGE ( 'NONE', *, *, #747, .T. ) ;
#2214 = CARTESIAN_POINT ( 'NONE',  ( 2.419970648464685237, 0.5000000000000000000, 1.371304305899505138 ) ) ;
#2215 = MECHANICAL_DESIGN_GEOMETRIC_PRESENTATION_REPRESENTATION (  '', ( #1027 ), #2037 ) ;
#2216 = VECTOR ( 'NONE', #1002, 1000.000000000000000 ) ;
#2217 = FACE_OUTER_BOUND ( 'NONE', #1939, .T. ) ;
#2218 = ORIENTED_EDGE ( 'NONE', *, *, #654, .T. ) ;
#2219 = VECTOR ( 'NONE', #1289, 1000.000000000000000 ) ;
#2220 = AXIS2_PLACEMENT_3D ( 'NONE', #2628, #40, #698 ) ;
#2221 = DIRECTION ( 'NONE',  ( 1.000000000000000000, -0.0000000000000000000, 0.0000000000000000000 ) ) ;
#2222 = CIRCLE ( 'NONE', #2642, 0.2500000000000002220 ) ;
#2223 = STYLED_ITEM ( 'NONE', ( #2069 ), #1363 ) ;
#2224 = CARTESIAN_POINT ( 'NONE',  ( 2.242345950151459100, 0.4999999999999999445, 1.485375349743019102 ) ) ;
#2225 =( NAMED_UNIT ( * ) SI_UNIT ( $, .STERADIAN. ) SOLID_ANGLE_UNIT ( ) );
#2226 = VECTOR ( 'NONE', #1360, 1000.000000000000000 ) ;
#2227 = ORIENTED_EDGE ( 'NONE', *, *, #177, .F. ) ;
#2228 = LINE ( 'NONE', #289, #2117 ) ;
#2229 = ADVANCED_FACE ( 'NONE', ( #362 ), #525, .F. ) ;
#2230 = CARTESIAN_POINT ( 'NONE',  ( 2.419838203701526247, 0.5000000000000001110, -1.371506592459897256 ) ) ;
#2231 = ORIENTED_EDGE ( 'NONE', *, *, #724, .F. ) ;
#2232 = FACE_OUTER_BOUND ( 'NONE', #1335, .T. ) ;
#2233 = DIRECTION ( 'NONE',  ( -4.772643433584182184E-17, 0.0000000000000000000, 1.000000000000000000 ) ) ;
#2234 = ORIENTED_EDGE ( 'NONE', *, *, #2145, .F. ) ;
#2235 =( NAMED_UNIT ( * ) PLANE_ANGLE_UNIT ( ) SI_UNIT ( $, .RADIAN. ) );
#2236 = CARTESIAN_POINT ( 'NONE',  ( 2.267779603296380841, 0.5202227855068612961, -1.440918031685508582 ) ) ;
#2237 = CARTESIAN_POINT ( 'NONE',  ( 2.130000000000000338, 0.5289949493661164626, 1.480000000000001759 ) ) ;
#2238 = FACE_OUTER_BOUND ( 'NONE', #1605, .T. ) ;
#2239 = EDGE_LOOP ( 'NONE', ( #186, #611, #2020, #1768 ) ) ;
#2240 = FILL_AREA_STYLE ('',( #1380 ) ) ;
#2241 = PLANE ( 'NONE',  #2078 ) ;
#2242 = CARTESIAN_POINT ( 'NONE',  ( -2.500000000000000000, 0.5000000000000000000, -1.599999999999999201 ) ) ;
#2243 = CARTESIAN_POINT ( 'NONE',  ( -1.300000000000002265, -0.005000000000000000104, -0.6999999999999998446 ) ) ;
#2244 = EDGE_CURVE ( 'NONE', #1273, #272, #551, .T. ) ;
#2245 = CARTESIAN_POINT ( 'NONE',  ( 2.130000000000000782, 0.7999999999999999334, 1.480000000000001759 ) ) ;
#2246 = CARTESIAN_POINT ( 'NONE',  ( 2.343403200231469530, -0.005000000000000000104, -0.7000000000000003997 ) ) ;
#2247 = PRODUCT ( 'C335A96E-713C-4F7E-A69F-1A8109E8BA91', 'C335A96E-713C-4F7E-A69F-1A8109E8BA91', '', ( #75 ) ) ;
#2248 = DIRECTION ( 'NONE',  ( -0.0000000000000000000, 0.0000000000000000000, -1.000000000000000000 ) ) ;
#2249 = ORIENTED_EDGE ( 'NONE', *, *, #1876, .F. ) ;
#2250 = ORIENTED_EDGE ( 'NONE', *, *, #926, .T. ) ;
#2251 = CARTESIAN_POINT ( 'NONE',  ( 1.243403200231469663, 0.0000000000000000000, -0.7000000000000003997 ) ) ;
#2252 = CARTESIAN_POINT ( 'NONE',  ( -2.130000000000000338, 0.7999999999999999334, 1.480000000000001759 ) ) ;
#2253 = VECTOR ( 'NONE', #247, 1000.000000000000000 ) ;
#2254 = ORIENTED_EDGE ( 'NONE', *, *, #1008, .F. ) ;
#2255 = B_SPLINE_CURVE_WITH_KNOTS ( 'NONE', 3,
 ( #2703, #2738, #1614, #130, #2310, #376, #386, #2068, #1657, #2514, #2058, #1013, #2729 ),
 .UNSPECIFIED., .F., .F.,
 ( 4, 2, 2, 1, 2, 2, 4 ),
 ( 0.0000000000000000000, 0.2500000000000013878, 0.5000000000000027756, 0.6250000000000025535, 0.6875000000000024425, 0.7500000000000023315, 1.000000000000000000 ),
 .UNSPECIFIED. ) ;
#2256 = DIRECTION ( 'NONE',  ( -2.710505431213761578E-16, 0.0000000000000000000, -1.000000000000000000 ) ) ;
#2257 =( GEOMETRIC_REPRESENTATION_CONTEXT ( 3 ) GLOBAL_UNCERTAINTY_ASSIGNED_CONTEXT ( ( #495 ) ) GLOBAL_UNIT_ASSIGNED_CONTEXT ( ( #1884, #660, #1114 ) ) REPRESENTATION_CONTEXT ( 'NONE', 'WORKASPACE' ) );
#2258 = VECTOR ( 'NONE', #1754, 1000.000000000000000 ) ;
#2259 = PLANE ( 'NONE',  #170 ) ;
#2260 = EDGE_CURVE ( 'NONE', #226, #1050, #2517, .T. ) ;
#2261 = CARTESIAN_POINT ( 'NONE',  ( 2.397720822543437436, 0.5000000000000000000, -1.405287082172836044 ) ) ;
#2262 = CIRCLE ( 'NONE', #1078, 0.07000000000000053402 ) ;
#2263 = CARTESIAN_POINT ( 'NONE',  ( 2.397720822543436991, 0.5700000000000006173, 1.405287082172837376 ) ) ;
#2264 = AXIS2_PLACEMENT_3D ( 'NONE', #2201, #2641, #481 ) ;
#2265 = VECTOR ( 'NONE', #2591, 1000.000000000000000 ) ;
#2266 = ORIENTED_EDGE ( 'NONE', *, *, #928, .T. ) ;
#2267 = ORIENTED_EDGE ( 'NONE', *, *, #798, .F. ) ;
#2268 = CARTESIAN_POINT ( 'NONE',  ( 1.243403200231469663, 0.0000000000000000000, -1.500000000000000444 ) ) ;
#2269 = CARTESIAN_POINT ( 'NONE',  ( 2.130000000000001226, 0.7999999999999999334, -1.230000000000002203 ) ) ;
#2270 = ORIENTED_EDGE ( 'NONE', *, *, #520, .T. ) ;
#2271 = CARTESIAN_POINT ( 'NONE',  ( 2.143403200231469352, -0.005000000000000000104, 1.500000000000001776 ) ) ;
#2272 = UNCERTAINTY_MEASURE_WITH_UNIT (LENGTH_MEASURE( 1.000000000000000082E-05 ), #2376, 'distance_accuracy_value', 'NONE');
#2273 = ADVANCED_FACE ( 'NONE', ( #774 ), #565, .T. ) ;
#2274 = CARTESIAN_POINT ( 'NONE',  ( -2.380000000000003446, 0.5699999999999999512, 1.376446609406727140 ) ) ;
#2275 = DIRECTION ( 'NONE',  ( -0.5477721317901060871, -3.393689916079138985E-15, -0.8366275704482386555 ) ) ;
#2276 = EDGE_CURVE ( 'NONE', #1503, #1880, #1428, .T. ) ;
#2277 = ORIENTED_EDGE ( 'NONE', *, *, #926, .F. ) ;
#2278 = ORIENTED_EDGE ( 'NONE', *, *, #485, .T. ) ;
#2279 = CARTESIAN_POINT ( 'NONE',  ( -2.276446609406728605, 0.5289949493661164626, -1.480000000000002869 ) ) ;
#2280 =( BOUNDED_SURFACE ( )  B_SPLINE_SURFACE ( 3, 3, ( 
 ( #1576, #1434, #2230, #2306 ),
 ( #374, #167, #2095, #156 ),
 ( #2747, #802, #598, #1451 ),
 ( #2318, #1890, #719, #2446 ) ),
 .UNSPECIFIED., .F., .F., .F. ) 
 B_SPLINE_SURFACE_WITH_KNOTS ( ( 4, 4 ),
 ( 4, 4 ),
 ( 0.0000000000000000000, 1.000000000000000000 ),
 ( 0.0000000000000000000, 1.000000000000000000 ),
 .UNSPECIFIED. ) 
 GEOMETRIC_REPRESENTATION_ITEM ( )  RATIONAL_B_SPLINE_SURFACE ( (
 ( 1.000000000000000000, 0.9882348268210893183, 0.9882348268210893183, 1.000000000000000000),
 ( 0.8047378541243693784, 0.7952699739069711837, 0.7952699739069711837, 0.8047378541243693784),
 ( 0.8047378541243693784, 0.7952699739069711837, 0.7952699739069711837, 0.8047378541243693784),
 ( 1.000000000000000000, 0.9882348268210893183, 0.9882348268210893183, 1.000000000000000000) ) ) 
 REPRESENTATION_ITEM ( '' )  SURFACE ( )  );
#2281 = DIRECTION ( 'NONE',  ( -0.0000000000000000000, -1.000000000000000000, -0.0000000000000000000 ) ) ;
#2282 = DIRECTION ( 'NONE',  ( 0.0000000000000000000, 0.0000000000000000000, -1.000000000000000000 ) ) ;
#2283 = VERTEX_POINT ( 'NONE', #2243 ) ;
#2284 = CARTESIAN_POINT ( 'NONE',  ( -2.450000000000003730, 0.5000000000000000000, 1.417451660040610406 ) ) ;
#2285 = DIRECTION ( 'NONE',  ( -3.097720492815724700E-16, -0.0000000000000000000, -1.000000000000000000 ) ) ;
#2286 = PLANE ( 'NONE',  #2041 ) ;
#2287 = ORIENTED_EDGE ( 'NONE', *, *, #2477, .T. ) ;
#2288 = EDGE_LOOP ( 'NONE', ( #1088, #429, #1149, #876 ) ) ;
#2289 = CARTESIAN_POINT ( 'NONE',  ( -2.380000000000003890, 0.5700000000000000622, -1.376446609406727806 ) ) ;
#2290 = EDGE_CURVE ( 'NONE', #542, #1405, #2036, .T. ) ;
#2291 = SURFACE_SIDE_STYLE ('',( #1806 ) ) ;
#2292 = ADVANCED_FACE ( 'NONE', ( #1471 ), #1254, .T. ) ;
#2293 = CARTESIAN_POINT ( 'NONE',  ( 2.143403200231469352, -0.005000000000000000104, 1.500000000000001776 ) ) ;
#2294 = VERTEX_POINT ( 'NONE', #2126 ) ;
#2295 = CARTESIAN_POINT ( 'NONE',  ( -2.200000000000002842, -0.005000000000000000104, -1.499999999999999778 ) ) ;
#2296 = UNCERTAINTY_MEASURE_WITH_UNIT (LENGTH_MEASURE( 1.000000000000000082E-05 ), #2081, 'distance_accuracy_value', 'NONE');
#2297 = DIRECTION ( 'NONE',  ( -0.0000000000000000000, -1.000000000000000000, -0.0000000000000000000 ) ) ;
#2298 = CARTESIAN_POINT ( 'NONE',  ( -1.300000000000002265, -0.005000000000000000104, -0.6999999999999999556 ) ) ;
#2299 = AXIS2_PLACEMENT_3D ( 'NONE', #1528, #2212, #278 ) ;
#2300 = PRESENTATION_LAYER_ASSIGNMENT (  '', '', ( #728 ) ) ;
#2301 = VERTEX_POINT ( 'NONE', #2550 ) ;
#2302 = MECHANICAL_DESIGN_GEOMETRIC_PRESENTATION_REPRESENTATION (  '', ( #731 ), #1435 ) ;
#2303 = VECTOR ( 'NONE', #45, 1000.000000000000000 ) ;
#2304 = ORIENTED_EDGE ( 'NONE', *, *, #567, .T. ) ;
#2305 = CARTESIAN_POINT ( 'NONE',  ( -2.130000000000002114, 0.5699999999999999512, 1.550000000000001821 ) ) ;
#2306 = CARTESIAN_POINT ( 'NONE',  ( 2.397720822543436991, 0.5000000000000000000, -1.405287082172836044 ) ) ;
#2307 = VECTOR ( 'NONE', #2248, 1000.000000000000000 ) ;
#2308 = VECTOR ( 'NONE', #2361, 1000.000000000000000 ) ;
#2309 = EDGE_CURVE ( 'NONE', #1601, #799, #2355, .T. ) ;
#2310 = CARTESIAN_POINT ( 'NONE',  ( -2.386674161202166466, 0.5000000000000000000, -1.425585717009413278 ) ) ;
#2311 = VECTOR ( 'NONE', #916, 1000.000000000000000 ) ;
#2312 = VECTOR ( 'NONE', #350, 1000.000000000000000 ) ;
#2313 = EDGE_CURVE ( 'NONE', #542, #2186, #420, .T. ) ;
#2314 = CARTESIAN_POINT ( 'NONE',  ( 2.380000000000002114, 0.7999999999999999334, 1.229999999999999982 ) ) ;
#2315 = ORIENTED_EDGE ( 'NONE', *, *, #2595, .T. ) ;
#2316 = LINE ( 'NONE', #104, #907 ) ;
#2317 = ORIENTED_EDGE ( 'NONE', *, *, #1160, .T. ) ;
#2318 = CARTESIAN_POINT ( 'NONE',  ( 2.374846250180835394, 0.5699999999999999512, -1.280500631405804279 ) ) ;
#2319 = CARTESIAN_POINT ( 'NONE',  ( 2.143403200231469352, 0.0000000000000000000, -1.500000000000000444 ) ) ;
#2320 = SURFACE_SIDE_STYLE ('',( #2096 ) ) ;
#2321 = DIRECTION ( 'NONE',  ( -1.000000000000000000, -0.0000000000000000000, 0.0000000000000000000 ) ) ;
#2322 = ORIENTED_EDGE ( 'NONE', *, *, #2397, .T. ) ;
#2323 = ADVANCED_FACE ( 'NONE', ( #187 ), #1457, .F. ) ;
#2324 = DIRECTION ( 'NONE',  ( 0.0000000000000000000, 1.000000000000000000, 0.0000000000000000000 ) ) ;
#2325 = CARTESIAN_POINT ( 'NONE',  ( -2.380000000000002558, 0.7999999999999999334, -1.230000000000000426 ) ) ;
#2326 = EDGE_CURVE ( 'NONE', #2621, #1273, #228, .T. ) ;
#2327 = CARTESIAN_POINT ( 'NONE',  ( -1.300000000000002265, -0.005000000000000000104, 0.7000000000000017319 ) ) ;
#2328 = ORIENTED_EDGE ( 'NONE', *, *, #2172, .F. ) ;
#2329 =( NAMED_UNIT ( * ) PLANE_ANGLE_UNIT ( ) SI_UNIT ( $, .RADIAN. ) );
#2330 = CARTESIAN_POINT ( 'NONE',  ( -2.400000000000003464, -0.005000000000000000104, -0.6999999999999997335 ) ) ;
#2331 = CARTESIAN_POINT ( 'NONE',  ( -1.880000000000002336, 0.8499999999999999778, 0.9800000000000015365 ) ) ;
#2332 = DIRECTION ( 'NONE',  ( 1.000000000000000000, -0.0000000000000000000, 2.710505431213761578E-16 ) ) ;
#2333 = ORIENTED_EDGE ( 'NONE', *, *, #331, .T. ) ;
#2334 = LINE ( 'NONE', #2148, #47 ) ;
#2335 = ORIENTED_EDGE ( 'NONE', *, *, #2145, .T. ) ;
#2336 = CARTESIAN_POINT ( 'NONE',  ( -2.207556831778416662, 0.5000000000000000000, 1.543250174634980487 ) ) ;
#2337 = ORIENTED_EDGE ( 'NONE', *, *, #2023, .F. ) ;
#2338 = SURFACE_SIDE_STYLE ('',( #631 ) ) ;
#2339 = FACE_OUTER_BOUND ( 'NONE', #1129, .T. ) ;
#2340 = CARTESIAN_POINT ( 'NONE',  ( -2.500000000000001332, 0.5000000000000000000, 1.400000000000001688 ) ) ;
#2341 = EDGE_LOOP ( 'NONE', ( #1243, #1202, #1403, #1964 ) ) ;
#2342 = PLANE ( 'NONE',  #1630 ) ;
#2343 = PRESENTATION_LAYER_ASSIGNMENT (  '', '', ( #503 ) ) ;
#2344 = CARTESIAN_POINT ( 'NONE',  ( -2.500000000000002220, 0.5000000000000000000, -1.400000000000000133 ) ) ;
#2345 = CARTESIAN_POINT ( 'NONE',  ( 2.174851175434465489, 0.5000000000000000000, -1.550000000000002043 ) ) ;
#2346 = AXIS2_PLACEMENT_3D ( 'NONE', #2330, #640, #426 ) ;
#2347 = FACE_OUTER_BOUND ( 'NONE', #1011, .T. ) ;
#2348 = ORIENTED_EDGE ( 'NONE', *, *, #602, .T. ) ;
#2349 = CARTESIAN_POINT ( 'NONE',  ( 2.243403200231468997, -0.005000000000000013115, -1.600000000000000533 ) ) ;
#2350 = VECTOR ( 'NONE', #114, 1000.000000000000000 ) ;
#2351 = VECTOR ( 'NONE', #706, 1000.000000000000000 ) ;
#2352 = VERTEX_POINT ( 'NONE', #2108 ) ;
#2353 = DIRECTION ( 'NONE',  ( 0.0000000000000000000, 1.000000000000000000, 0.0000000000000000000 ) ) ;
#2354 = ORIENTED_EDGE ( 'NONE', *, *, #387, .F. ) ;
#2355 = LINE ( 'NONE', #1073, #1490 ) ;
#2356 =( GEOMETRIC_REPRESENTATION_CONTEXT ( 3 ) GLOBAL_UNCERTAINTY_ASSIGNED_CONTEXT ( ( #2272 ) ) GLOBAL_UNIT_ASSIGNED_CONTEXT ( ( #2376, #1509, #667 ) ) REPRESENTATION_CONTEXT ( 'NONE', 'WORKASPACE' ) );
#2357 = FACE_OUTER_BOUND ( 'NONE', #582, .T. ) ;
#2358 = DIRECTION ( 'NONE',  ( 1.000000000000000000, 0.0000000000000000000, -0.0000000000000000000 ) ) ;
#2359 = EDGE_CURVE ( 'NONE', #865, #181, #1046, .T. ) ;
#2360 = ORIENTED_EDGE ( 'NONE', *, *, #744, .T. ) ;
#2361 = DIRECTION ( 'NONE',  ( 0.0000000000000000000, -0.0000000000000000000, 1.000000000000000000 ) ) ;
#2362 = LINE ( 'NONE', #1508, #2715 ) ;
#2363 = ADVANCED_FACE ( 'NONE', ( #2785 ), #1060, .F. ) ;
#2364 =( NAMED_UNIT ( * ) SI_UNIT ( $, .STERADIAN. ) SOLID_ANGLE_UNIT ( ) );
#2365 = EDGE_LOOP ( 'NONE', ( #1954, #1505, #2530, #765 ) ) ;
#2366 = CARTESIAN_POINT ( 'NONE',  ( 2.343403200231469530, -0.005000000000000000104, -0.7000000000000003997 ) ) ;
#2367 = ORIENTED_EDGE ( 'NONE', *, *, #177, .T. ) ;
#2368 = CARTESIAN_POINT ( 'NONE',  ( -2.200000000000002842, 0.0000000000000000000, -1.600000000000000533 ) ) ;
#2369 = LINE ( 'NONE', #1285, #2116 ) ;
#2370 = ORIENTED_EDGE ( 'NONE', *, *, #1925, .F. ) ;
#2371 = CARTESIAN_POINT ( 'NONE',  ( 2.339156892612059835, 0.5699999999999999512, 1.366943032947529391 ) ) ;
#2372 = CARTESIAN_POINT ( 'NONE',  ( -2.500000000000000888, 0.5000000000000000000, 1.600000000000001643 ) ) ;
#2373 = ORIENTED_EDGE ( 'NONE', *, *, #48, .F. ) ;
#2374 = CARTESIAN_POINT ( 'NONE',  ( 2.285252360469755217, 0.4999999499705972128, 1.471838602246674954 ) ) ;
#2375 = DIRECTION ( 'NONE',  ( 1.000000000000000000, 0.0000000000000000000, 0.0000000000000000000 ) ) ;
#2376 =( LENGTH_UNIT ( ) NAMED_UNIT ( * ) SI_UNIT ( .MILLI., .METRE. ) );
#2377 = SURFACE_SIDE_STYLE ('',( #2133 ) ) ;
#2378 = ADVANCED_FACE ( 'NONE', ( #22 ), #1089, .T. ) ;
#2379 = ORIENTED_EDGE ( 'NONE', *, *, #331, .F. ) ;
#2380 = FACE_OUTER_BOUND ( 'NONE', #1759, .T. ) ;
#2381 = EDGE_CURVE ( 'NONE', #272, #2621, #1466, .T. ) ;
#2382 = ORIENTED_EDGE ( 'NONE', *, *, #1336, .F. ) ;
#2383 = CARTESIAN_POINT ( 'NONE',  ( 2.443403200231469174, 0.5000000000000000000, 1.294640808199424953 ) ) ;
#2384 = SURFACE_STYLE_USAGE ( .BOTH. , #1134 ) ;
#2385 = VERTEX_POINT ( 'NONE', #677 ) ;
#2386 = CARTESIAN_POINT ( 'NONE',  ( -2.500000000000002220, -0.005000000000000000104, -1.599999999999999645 ) ) ;
#2387 = CARTESIAN_POINT ( 'NONE',  ( -2.500000000000000000, 0.0000000000000000000, -1.300000000000000488 ) ) ;
#2388 = DIRECTION ( 'NONE',  ( 0.0000000000000000000, 0.0000000000000000000, -1.000000000000000000 ) ) ;
#2389 = DIRECTION ( 'NONE',  ( 1.000000000000000000, 0.0000000000000000000, -0.0000000000000000000 ) ) ;
#2390 = CYLINDRICAL_SURFACE ( 'NONE', #1586, 0.1250000000000001110 ) ;
#2391 = SURFACE_SIDE_STYLE ('',( #655 ) ) ;
#2392 = CARTESIAN_POINT ( 'NONE',  ( 2.129999999999999893, 0.5699999999999999512, -1.480000000000002203 ) ) ;
#2393 =( GEOMETRIC_REPRESENTATION_CONTEXT ( 3 ) GLOBAL_UNCERTAINTY_ASSIGNED_CONTEXT ( ( #1398 ) ) GLOBAL_UNIT_ASSIGNED_CONTEXT ( ( #539, #2235, #1191 ) ) REPRESENTATION_CONTEXT ( 'NONE', 'WORKASPACE' ) );
#2394 = VERTEX_POINT ( 'NONE', #1518 ) ;
#2395 = PRESENTATION_STYLE_ASSIGNMENT (( #2616 ) ) ;
#2396 = MECHANICAL_DESIGN_GEOMETRIC_PRESENTATION_REPRESENTATION (  '', ( #1710 ), #2257 ) ;
#2397 = EDGE_CURVE ( 'NONE', #2602, #981, #9, .T. ) ;
#2398 = VECTOR ( 'NONE', #1775, 1000.000000000000000 ) ;
#2399 = ORIENTED_EDGE ( 'NONE', *, *, #235, .T. ) ;
#2400 = SURFACE_STYLE_USAGE ( .BOTH. , #879 ) ;
#2401 = AXIS2_PLACEMENT_3D ( 'NONE', #789, #1652, #580 ) ;
#2402 = VECTOR ( 'NONE', #1343, 1000.000000000000000 ) ;
#2403 = FACE_OUTER_BOUND ( 'NONE', #2780, .T. ) ;
#2404 = ORIENTED_EDGE ( 'NONE', *, *, #2089, .T. ) ;
#2405 = DIRECTION ( 'NONE',  ( -1.000000000000000000, -0.0000000000000000000, 0.0000000000000000000 ) ) ;
#2406 = EDGE_CURVE ( 'NONE', #1373, #1914, #881, .T. ) ;
#2407 = AXIS2_PLACEMENT_3D ( 'NONE', #929, #1565, #250 ) ;
#2408 = AXIS2_PLACEMENT_3D ( 'NONE', #688, #1546, #1804 ) ;
#2409 = CARTESIAN_POINT ( 'NONE',  ( 2.380000000000001226, 0.5696884655650695795, -1.230000000000000648 ) ) ;
#2410 = COLOUR_RGB ( '',0.7529411764705882248, 0.7529411764705882248, 0.7529411764705882248 ) ;
#2411 = LINE ( 'NONE', #471, #2761 ) ;
#2412 = ORIENTED_EDGE ( 'NONE', *, *, #241, .F. ) ;
#2413 = CARTESIAN_POINT ( 'NONE',  ( 2.343004262735392640, 0.4999999499705977124, -1.422920680650242353 ) ) ;
#2414 = CARTESIAN_POINT ( 'NONE',  ( 2.206811505484342906, 0.4999999999999999445, 1.501007833274608183 ) ) ;
#2415 =( NAMED_UNIT ( * ) PLANE_ANGLE_UNIT ( ) SI_UNIT ( $, .RADIAN. ) );
#2416 = DIRECTION ( 'NONE',  ( 0.0000000000000000000, 0.0000000000000000000, 1.000000000000000000 ) ) ;
#2417 = ORIENTED_EDGE ( 'NONE', *, *, #1780, .T. ) ;
#2418 = LINE ( 'NONE', #1986, #2680 ) ;
#2419 = CARTESIAN_POINT ( 'NONE',  ( 2.378270229483278708, 0.5698961551883564569, 1.263899878710980751 ) ) ;
#2420 = DIRECTION ( 'NONE',  ( 0.0000000000000000000, 1.000000000000000000, 0.0000000000000000000 ) ) ;
#2421 = ORIENTED_EDGE ( 'NONE', *, *, #2326, .F. ) ;
#2422 = CARTESIAN_POINT ( 'NONE',  ( 2.130000000000001670, 0.7999999999999999334, 1.230000000000001759 ) ) ;
#2423 = CARTESIAN_POINT ( 'NONE',  ( -2.300000000000002043, -0.005000000000000013115, -1.600000000000000755 ) ) ;
#2424 = SURFACE_SIDE_STYLE ('',( #1782 ) ) ;
#2425 = UNCERTAINTY_MEASURE_WITH_UNIT (LENGTH_MEASURE( 1.000000000000000082E-05 ), #2183, 'distance_accuracy_value', 'NONE');
#2426 = ORIENTED_EDGE ( 'NONE', *, *, #616, .F. ) ;
#2427 =( NAMED_UNIT ( * ) SI_UNIT ( $, .STERADIAN. ) SOLID_ANGLE_UNIT ( ) );
#2428 = ADVANCED_FACE ( 'NONE', ( #1744, #2011 ), #694, .T. ) ;
#2429 = CARTESIAN_POINT ( 'NONE',  ( 2.368474179291863102, 0.5699999999999998401, 1.311394852321859039 ) ) ;
#2430 = LINE ( 'NONE', #2630, #2226 ) ;
#2431 = ORIENTED_EDGE ( 'NONE', *, *, #584, .F. ) ;
#2432 = ORIENTED_EDGE ( 'NONE', *, *, #557, .T. ) ;
#2433 = LINE ( 'NONE', #2608, #2173 ) ;
#2434 = FACE_OUTER_BOUND ( 'NONE', #2691, .T. ) ;
#2435 = ORIENTED_EDGE ( 'NONE', *, *, #425, .T. ) ;
#2436 = EDGE_CURVE ( 'NONE', #2602, #127, #869, .T. ) ;
#2437 = DIRECTION ( 'NONE',  ( 0.0000000000000000000, 0.0000000000000000000, 1.000000000000000000 ) ) ;
#2438 = CARTESIAN_POINT ( 'NONE',  ( 2.315300087241759730, 0.5202325212017020473, -1.400683218600039304 ) ) ;
#2439 = CARTESIAN_POINT ( 'NONE',  ( 2.363414866655504376, 0.5000000000000000000, 1.382825658172953665 ) ) ;
#2440 = EDGE_CURVE ( 'NONE', #2442, #1273, #1992, .T. ) ;
#2441 = LINE ( 'NONE', #686, #556 ) ;
#2442 = VERTEX_POINT ( 'NONE', #1779 ) ;
#2443 = LINE ( 'NONE', #891, #2303 ) ;
#2444 = ORIENTED_EDGE ( 'NONE', *, *, #2700, .T. ) ;
#2445 = DIRECTION ( 'NONE',  ( -0.9793850007233340094, 0.0000000000000000000, 0.2020025256232091393 ) ) ;
#2446 = CARTESIAN_POINT ( 'NONE',  ( 2.339156892612061611, 0.5699999999999999512, -1.366943032947529169 ) ) ;
#2447 = ORIENTED_EDGE ( 'NONE', *, *, #939, .T. ) ;
#2448 = CLOSED_SHELL ( 'NONE', ( #1454, #1179, #1563, #913, #1585, #2055, #1603, #1531, #2115, #482, #118, #2505, #1513, #1093, #1442, #449, #68, #2671, #695, #2323, #1720, #1421, #943, #1003, #1842, #1971, #1814, #160, #1669, #756, #2485, #849, #2378, #2136, #2292, #391, #129, #1363, #1752, #2229, #1381, #586, #1163, #1261, #960, #803, #506, #148, #1615, #1697, #2206, #1458, #839, #1568, #1319, #197, #1620, #1649, #1057, #1891, #2273, #1209, #357, #2428, #2730, #874, #1639, #1552, #2759, #2363, #274, #32, #1468, #2575, #1183 ) ) ;
#2449 = AXIS2_PLACEMENT_3D ( 'NONE', #2087, #388, #1236 ) ;
#2450 = MECHANICAL_DESIGN_GEOMETRIC_PRESENTATION_REPRESENTATION (  '', ( #732 ), #457 ) ;
#2451 = CARTESIAN_POINT ( 'NONE',  ( -1.300000000000002265, -0.005000000000000000104, -0.6999999999999999556 ) ) ;
#2452 = LINE ( 'NONE', #899, #276 ) ;
#2453 = UNCERTAINTY_MEASURE_WITH_UNIT (LENGTH_MEASURE( 1.000000000000000082E-05 ), #260, 'distance_accuracy_value', 'NONE');
#2454 = ORIENTED_EDGE ( 'NONE', *, *, #1341, .T. ) ;
#2455 = AXIS2_PLACEMENT_3D ( 'NONE', #696, #1553, #70 ) ;
#2456 = STYLED_ITEM ( 'NONE', ( #2711 ), #756 ) ;
#2457 = ORIENTED_EDGE ( 'NONE', *, *, #1493, .F. ) ;
#2458 = VECTOR ( 'NONE', #1659, 1000.000000000000000 ) ;
#2459 = COLOUR_RGB ( '',0.1568627450980392135, 0.0000000000000000000, 0.1568627450980392135 ) ;
#2460 = CARTESIAN_POINT ( 'NONE',  ( -2.104999999999999538, 0.8499999999999999778, 1.330000000000001847 ) ) ;
#2461 = CARTESIAN_POINT ( 'NONE',  ( 2.164786486541158794, 0.5289949493661165736, 1.480000000000001759 ) ) ;
#2462 =( NAMED_UNIT ( * ) SI_UNIT ( $, .STERADIAN. ) SOLID_ANGLE_UNIT ( ) );
#2463 = VECTOR ( 'NONE', #1463, 1000.000000000000000 ) ;
#2464 = DIRECTION ( 'NONE',  ( 3.097720492815724700E-16, 0.0000000000000000000, 1.000000000000000000 ) ) ;
#2465 = ORIENTED_EDGE ( 'NONE', *, *, #973, .T. ) ;
#2466 = FACE_OUTER_BOUND ( 'NONE', #154, .T. ) ;
#2467 = EDGE_CURVE ( 'NONE', #2663, #1728, #2655, .T. ) ;
#2468 = DIRECTION ( 'NONE',  ( 0.0000000000000000000, 1.000000000000000000, 0.0000000000000000000 ) ) ;
#2469 = CARTESIAN_POINT ( 'NONE',  ( 2.443403200231469174, 0.5000000000000000000, 1.229999999999999316 ) ) ;
#2470 = DIRECTION ( 'NONE',  ( 0.0000000000000000000, 1.000000000000000000, 0.0000000000000000000 ) ) ;
#2471 = CARTESIAN_POINT ( 'NONE',  ( -2.400000000000002576, -0.005000000000000000104, 0.7000000000000026201 ) ) ;
#2472 = CARTESIAN_POINT ( 'NONE',  ( 2.164786486541158350, 0.5699999999999999512, 1.480000000000001537 ) ) ;
#2473 = ORIENTED_EDGE ( 'NONE', *, *, #290, .T. ) ;
#2474 = EDGE_LOOP ( 'NONE', ( #946, #1959, #790, #621 ) ) ;
#2475 = LINE ( 'NONE', #1974, #1583 ) ;
#2476 = LINE ( 'NONE', #2252, #1532 ) ;
#2477 = EDGE_CURVE ( 'NONE', #226, #729, #2433, .T. ) ;
#2478 = SURFACE_STYLE_FILL_AREA ( #2681 ) ;
#2479 = EDGE_LOOP ( 'NONE', ( #2139, #2093, #1943, #2705, #190, #922, #1277, #723, #2457, #1348, #1140, #1735, #1432, #2370, #2488, #673, #842, #2137, #1314, #2277, #2046, #2382, #244, #1687, #1063, #248, #214, #1834 ) ) ;
#2480 = DIRECTION ( 'NONE',  ( -3.097720492815724700E-16, -0.0000000000000000000, -1.000000000000000000 ) ) ;
#2481 = CARTESIAN_POINT ( 'NONE',  ( -1.880000000000002336, 0.8400000000000000799, 0.7800000000000011369 ) ) ;
#2482 = ORIENTED_EDGE ( 'NONE', *, *, #798, .T. ) ;
#2483 = ORIENTED_EDGE ( 'NONE', *, *, #255, .F. ) ;
#2484 = DIRECTION ( 'NONE',  ( 1.000000000000000000, 0.0000000000000000000, -3.097720492815724700E-16 ) ) ;
#2485 = ADVANCED_FACE ( 'NONE', ( #662 ), #467, .F. ) ;
#2486 =( GEOMETRIC_REPRESENTATION_CONTEXT ( 3 ) GLOBAL_UNCERTAINTY_ASSIGNED_CONTEXT ( ( #2504 ) ) GLOBAL_UNIT_ASSIGNED_CONTEXT ( ( #2090, #150, #1007 ) ) REPRESENTATION_CONTEXT ( 'NONE', 'WORKASPACE' ) );
#2487 = CARTESIAN_POINT ( 'NONE',  ( 2.374846250180834950, 0.5699999999999999512, -1.280500631405804057 ) ) ;
#2488 = ORIENTED_EDGE ( 'NONE', *, *, #786, .F. ) ;
#2489 = EDGE_CURVE ( 'NONE', #573, #865, #1101, .T. ) ;
#2490 = DIRECTION ( 'NONE',  ( 3.097720492815724700E-16, 0.0000000000000000000, 1.000000000000000000 ) ) ;
#2491 = MECHANICAL_DESIGN_GEOMETRIC_PRESENTATION_REPRESENTATION (  '', ( #2077 ), #1626 ) ;
#2492 = DIRECTION ( 'NONE',  ( -0.0000000000000000000, -0.0000000000000000000, 1.000000000000000000 ) ) ;
#2493 = DIRECTION ( 'NONE',  ( -0.0000000000000000000, -1.000000000000000000, -0.0000000000000000000 ) ) ;
#2494 = AXIS2_PLACEMENT_3D ( 'NONE', #1916, #404, #871 ) ;
#2495 = VECTOR ( 'NONE', #997, 1000.000000000000000 ) ;
#2496 = FACE_OUTER_BOUND ( 'NONE', #116, .T. ) ;
#2497 = COLOUR_RGB ( '',0.7529411764705882248, 0.7529411764705882248, 0.7529411764705882248 ) ;
#2498 = ORIENTED_EDGE ( 'NONE', *, *, #1322, .T. ) ;
#2499 = ORIENTED_EDGE ( 'NONE', *, *, #1666, .F. ) ;
#2500 = VECTOR ( 'NONE', #2207, 1000.000000000000000 ) ;
#2501 = FILL_AREA_STYLE_COLOUR ( '', #689 ) ;
#2502 = VERTEX_POINT ( 'NONE', #1464 ) ;
#2503 = DIRECTION ( 'NONE',  ( 0.0000000000000000000, 0.0000000000000000000, 1.000000000000000000 ) ) ;
#2504 = UNCERTAINTY_MEASURE_WITH_UNIT (LENGTH_MEASURE( 1.000000000000000082E-05 ), #2090, 'distance_accuracy_value', 'NONE');
#2505 = ADVANCED_FACE ( 'NONE', ( #2347 ), #2104, .F. ) ;
#2506 = CARTESIAN_POINT ( 'NONE',  ( -2.200000000000001954, -0.005000000000000000104, 1.500000000000002665 ) ) ;
#2507 = CARTESIAN_POINT ( 'NONE',  ( -2.400000000000002576, -0.005000000000000000104, 0.7000000000000026201 ) ) ;
#2508 = EDGE_CURVE ( 'NONE', #21, #693, #1674, .T. ) ;
#2509 = VERTEX_POINT ( 'NONE', #2779 ) ;
#2510 = ORIENTED_EDGE ( 'NONE', *, *, #255, .T. ) ;
#2511 = CARTESIAN_POINT ( 'NONE',  ( -2.408994949366120242, 0.4999999999999998890, -1.393431457505077908 ) ) ;
#2512 = DIRECTION ( 'NONE',  ( 0.0000000000000000000, 0.0000000000000000000, 1.000000000000000000 ) ) ;
#2513 = ORIENTED_EDGE ( 'NONE', *, *, #2643, .T. ) ;
#2514 = CARTESIAN_POINT ( 'NONE',  ( -2.257125199810206873, 0.5000000000000000000, -1.523787632396643499 ) ) ;
#2515 = CARTESIAN_POINT ( 'NONE',  ( 2.130000000000001670, 0.7999999999999999334, -1.330000000000001625 ) ) ;
#2516 = ORIENTED_EDGE ( 'NONE', *, *, #1830, .T. ) ;
#2517 = LINE ( 'NONE', #2271, #553 ) ;
#2518 = CARTESIAN_POINT ( 'NONE',  ( -2.130000000000002558, 0.5000000000000000000, 1.550000000000002265 ) ) ;
#2519 = DIRECTION ( 'NONE',  ( 0.0000000000000000000, 0.0000000000000000000, -1.000000000000000000 ) ) ;
#2520 = CARTESIAN_POINT ( 'NONE',  ( -2.300000000000001155, -0.005000000000000013115, 1.600000000000001865 ) ) ;
#2521 = EDGE_CURVE ( 'NONE', #126, #347, #123, .T. ) ;
#2522 = ORIENTED_EDGE ( 'NONE', *, *, #602, .F. ) ;
#2523 = ORIENTED_EDGE ( 'NONE', *, *, #101, .F. ) ;
#2524 = CARTESIAN_POINT ( 'NONE',  ( -2.450000000000002398, 0.5000000000000000000, -1.229999999999999760 ) ) ;
#2525 = FACE_OUTER_BOUND ( 'NONE', #1753, .T. ) ;
#2526 = EDGE_CURVE ( 'NONE', #1456, #21, #1922, .T. ) ;
#2527 = CARTESIAN_POINT ( 'NONE',  ( 2.443403200231468286, 0.4999999999999998890, -1.230000000000000426 ) ) ;
#2528 = B_SPLINE_CURVE_WITH_KNOTS ( 'NONE', 3,
 ( #2261, #579, #309, #979 ),
 .UNSPECIFIED., .F., .F.,
 ( 4, 4 ),
 ( 0.0000000000000000000, 1.000000000000000000 ),
 .UNSPECIFIED. ) ;
#2529 = SURFACE_STYLE_FILL_AREA ( #2797 ) ;
#2530 = ORIENTED_EDGE ( 'NONE', *, *, #669, .T. ) ;
#2531 = DIRECTION ( 'NONE',  ( -0.0000000000000000000, -1.000000000000000000, -0.0000000000000000000 ) ) ;
#2532 = CARTESIAN_POINT ( 'NONE',  ( -2.130000000000001670, 0.5699999999999999512, 1.480000000000001981 ) ) ;
#2533 = CARTESIAN_POINT ( 'NONE',  ( 1.243403200231469663, -0.005000000000000000104, 1.500000000000001776 ) ) ;
#2534 = COLOUR_RGB ( '',0.7529411764705882248, 0.7529411764705882248, 0.7529411764705882248 ) ;
#2535 = AXIS2_PLACEMENT_3D ( 'NONE', #2178, #2221, #2648 ) ;
#2536 = ORIENTED_EDGE ( 'NONE', *, *, #251, .F. ) ;
#2537 = VECTOR ( 'NONE', #286, 1000.000000000000000 ) ;
#2538 = VECTOR ( 'NONE', #1224, 1000.000000000000000 ) ;
#2539 = ORIENTED_EDGE ( 'NONE', *, *, #14, .F. ) ;
#2540 = DIRECTION ( 'NONE',  ( 0.0000000000000000000, -0.0000000000000000000, 1.000000000000000000 ) ) ;
#2541 = CARTESIAN_POINT ( 'NONE',  ( -2.500000000000002665, -0.005000000000000000104, -1.300000000000000266 ) ) ;
#2542 = AXIS2_PLACEMENT_3D ( 'NONE', #937, #2682, #2388 ) ;
#2543 = DIRECTION ( 'NONE',  ( 0.0000000000000000000, 0.0000000000000000000, 1.000000000000000000 ) ) ;
#2544 = EDGE_CURVE ( 'NONE', #1066, #1099, #2146, .T. ) ;
#2545 = CARTESIAN_POINT ( 'NONE',  ( 2.443403200231469174, 0.5000000000000000000, 1.400000000000001688 ) ) ;
#2546 = VECTOR ( 'NONE', #1893, 1000.000000000000000 ) ;
#2547 = EDGE_CURVE ( 'NONE', #1789, #2143, #833, .T. ) ;
#2548 = CARTESIAN_POINT ( 'NONE',  ( -1.880000000000002336, 0.8400000000000000799, 0.9800000000000015365 ) ) ;
#2549 = VERTEX_POINT ( 'NONE', #1510 ) ;
#2550 = CARTESIAN_POINT ( 'NONE',  ( -1.300000000000002043, -0.005000000000000000104, 1.500000000000001998 ) ) ;
#2551 = FILL_AREA_STYLE ('',( #2109 ) ) ;
#2552 = CARTESIAN_POINT ( 'NONE',  ( 2.130000000000001226, 0.7999999999999999334, -1.480000000000002203 ) ) ;
#2553 = ORIENTED_EDGE ( 'NONE', *, *, #1653, .T. ) ;
#2554 = SURFACE_SIDE_STYLE ('',( #1919 ) ) ;
#2555 = DIRECTION ( 'NONE',  ( 0.0000000000000000000, 0.0000000000000000000, -1.000000000000000000 ) ) ;
#2556 = CARTESIAN_POINT ( 'NONE',  ( 2.143403200231469352, -0.005000000000000000104, 1.500000000000001776 ) ) ;
#2557 = ORIENTED_EDGE ( 'NONE', *, *, #268, .F. ) ;
#2558 = EDGE_CURVE ( 'NONE', #239, #1050, #1478, .T. ) ;
#2559 = CARTESIAN_POINT ( 'NONE',  ( 2.443403200231469174, 0.5000000000000000000, 1.273602767571496042 ) ) ;
#2560 = FILL_AREA_STYLE_COLOUR ( '', #2497 ) ;
#2561 = CARTESIAN_POINT ( 'NONE',  ( 2.238163947605651405, 0.5700000000000000622, 1.455538431699065605 ) ) ;
#2562 = PLANE ( 'NONE',  #1766 ) ;
#2563 = ORIENTED_EDGE ( 'NONE', *, *, #1409, .F. ) ;
#2564 = EDGE_LOOP ( 'NONE', ( #2795, #8, #1058, #657 ) ) ;
#2565 = CARTESIAN_POINT ( 'NONE',  ( 2.258857902733178324, 0.5000000000000000000, 1.522908929367488007 ) ) ;
#2566 = CYLINDRICAL_SURFACE ( 'NONE', #1353, 0.06999999999999996503 ) ;
#2567 = CARTESIAN_POINT ( 'NONE',  ( -2.105000000000000426, 0.8499999999999999778, -1.205000000000001625 ) ) ;
#2568 = SURFACE_STYLE_USAGE ( .BOTH. , #2377 ) ;
#2569 = EDGE_LOOP ( 'NONE', ( #1056, #361, #2076, #1643 ) ) ;
#2570 = PLANE ( 'NONE',  #1211 ) ;
#2571 = ORIENTED_EDGE ( 'NONE', *, *, #707, .F. ) ;
#2572 = CARTESIAN_POINT ( 'NONE',  ( -2.408547894179403404, 0.4999999999999997780, 1.387912485986775968 ) ) ;
#2573 = ORIENTED_EDGE ( 'NONE', *, *, #444, .F. ) ;
#2574 = FILL_AREA_STYLE ('',( #824 ) ) ;
#2575 = ADVANCED_FACE ( 'NONE', ( #1293 ), #207, .F. ) ;
#2576 = DIRECTION ( 'NONE',  ( 0.0000000000000000000, 0.0000000000000000000, -1.000000000000000000 ) ) ;
#2577 = CARTESIAN_POINT ( 'NONE',  ( 2.129999999999999449, 0.7999999999999999334, 1.480000000000001759 ) ) ;
#2578 = VERTEX_POINT ( 'NONE', #2319 ) ;
#2579 = CARTESIAN_POINT ( 'NONE',  ( 2.105000000000000426, 0.8499999999999999778, 1.330000000000002069 ) ) ;
#2580 = AXIS2_PLACEMENT_3D ( 'NONE', #1533, #783, #748 ) ;
#2581 = VECTOR ( 'NONE', #902, 1000.000000000000000 ) ;
#2582 = PLANE ( 'NONE',  #1483 ) ;
#2583 = VECTOR ( 'NONE', #1052, 1000.000000000000000 ) ;
#2584 = VECTOR ( 'NONE', #415, 1000.000000000000000 ) ;
#2585 = ORIENTED_EDGE ( 'NONE', *, *, #377, .T. ) ;
#2586 = LINE ( 'NONE', #1692, #546 ) ;
#2587 = CIRCLE ( 'NONE', #1172, 0.07000000000000018707 ) ;
#2588 = MECHANICAL_DESIGN_GEOMETRIC_PRESENTATION_REPRESENTATION (  '', ( #2456 ), #1896 ) ;
#2589 = COLOUR_RGB ( '',0.1568627450980392135, 0.0000000000000000000, 0.1568627450980392135 ) ;
#2590 = AXIS2_PLACEMENT_3D ( 'NONE', #2242, #536, #967 ) ;
#2591 = DIRECTION ( 'NONE',  ( 2.710505431213761578E-16, 0.0000000000000000000, 1.000000000000000000 ) ) ;
#2592 = EDGE_LOOP ( 'NONE', ( #1423, #1677, #1517, #2783 ) ) ;
#2593 =( LENGTH_UNIT ( ) NAMED_UNIT ( * ) SI_UNIT ( .MILLI., .METRE. ) );
#2594 = CARTESIAN_POINT ( 'NONE',  ( 2.105000000000000426, 0.8499999999999999778, -1.330000000000001847 ) ) ;
#2595 = EDGE_CURVE ( 'NONE', #1068, #175, #385, .T. ) ;
#2596 = ORIENTED_EDGE ( 'NONE', *, *, #1008, .T. ) ;
#2597 = CYLINDRICAL_SURFACE ( 'NONE', #2720, 0.1999999999999998723 ) ;
#2598 = CARTESIAN_POINT ( 'NONE',  ( 2.443403200231469174, 0.5000000000000000000, 1.400000000000001688 ) ) ;
#2599 = CYLINDRICAL_SURFACE ( 'NONE', #102, 0.1250000000000001110 ) ;
#2600 = EDGE_CURVE ( 'NONE', #2283, #1535, #1024, .T. ) ;
#2601 = DIRECTION ( 'NONE',  ( 0.0000000000000000000, 1.000000000000000000, -0.0000000000000000000 ) ) ;
#2602 = VERTEX_POINT ( 'NONE', #2005 ) ;
#2603 = CYLINDRICAL_SURFACE ( 'NONE', #316, 0.07000000000000018707 ) ;
#2604 = ORIENTED_EDGE ( 'NONE', *, *, #2406, .F. ) ;
#2605 = LINE ( 'NONE', #1515, #1993 ) ;
#2606 = DIRECTION ( 'NONE',  ( -1.000000000000000000, 0.0000000000000000000, 0.0000000000000000000 ) ) ;
#2607 = ORIENTED_EDGE ( 'NONE', *, *, #2244, .T. ) ;
#2608 = CARTESIAN_POINT ( 'NONE',  ( -2.500000000000000000, 0.0000000000000000000, 1.500000000000001998 ) ) ;
#2609 = LINE ( 'NONE', #2387, #412 ) ;
#2610 = LINE ( 'NONE', #663, #2683 ) ;
#2611 = CARTESIAN_POINT ( 'NONE',  ( 2.272986308257531896, 0.5605511041980688614, 1.436521583866577245 ) ) ;
#2612 = CARTESIAN_POINT ( 'NONE',  ( 2.105000000000001315, 0.8499999999999999778, 1.205000000000001625 ) ) ;
#2613 = PRESENTATION_STYLE_ASSIGNMENT (( #440 ) ) ;
#2614 = CARTESIAN_POINT ( 'NONE',  ( 2.230000000000001315, 0.7999999999999999334, 1.205000000000001181 ) ) ;
#2615 = VERTEX_POINT ( 'NONE', #889 ) ;
#2616 = SURFACE_STYLE_USAGE ( .BOTH. , #1706 ) ;
#2617 = EDGE_CURVE ( 'NONE', #693, #143, #2662, .T. ) ;
#2618 = EDGE_LOOP ( 'NONE', ( #972, #2098, #2571, #1743 ) ) ;
#2619 = CARTESIAN_POINT ( 'NONE',  ( -2.130000000000000338, 0.7999999999999999334, -1.480000000000002203 ) ) ;
#2620 = CARTESIAN_POINT ( 'NONE',  ( 2.343403200231469530, 0.0000000000000000000, 1.300000000000001821 ) ) ;
#2621 = VERTEX_POINT ( 'NONE', #256 ) ;
#2622 = CARTESIAN_POINT ( 'NONE',  ( -2.500000000000002665, -0.005000000000000000104, -1.300000000000000266 ) ) ;
#2623 = CARTESIAN_POINT ( 'NONE',  ( -2.500000000000001332, -0.005000000000000000104, 1.600000000000002531 ) ) ;
#2624 = DIRECTION ( 'NONE',  ( 1.000000000000000000, -0.0000000000000000000, -6.538873467836204094E-15 ) ) ;
#2625 = UNCERTAINTY_MEASURE_WITH_UNIT (LENGTH_MEASURE( 1.000000000000000082E-05 ), #608, 'distance_accuracy_value', 'NONE');
#2626 = VERTEX_POINT ( 'NONE', #2392 ) ;
#2627 = CARTESIAN_POINT ( 'NONE',  ( 2.443403200231469174, -0.005000000000000000104, 1.300000000000001821 ) ) ;
#2628 = CARTESIAN_POINT ( 'NONE',  ( -2.300000000000001155, 0.5000000000000000000, 1.600000000000001865 ) ) ;
#2629 = DIRECTION ( 'NONE',  ( -0.0000000000000000000, 0.0000000000000000000, -1.000000000000000000 ) ) ;
#2630 = CARTESIAN_POINT ( 'NONE',  ( -2.400000000000002576, 0.0000000000000000000, -1.599999999999999201 ) ) ;
#2631 = VECTOR ( 'NONE', #1944, 1000.000000000000000 ) ;
#2632 = ORIENTED_EDGE ( 'NONE', *, *, #1042, .T. ) ;
#2633 = CARTESIAN_POINT ( 'NONE',  ( 1.243403200231469663, 0.0000000000000000000, 1.500000000000001776 ) ) ;
#2634 = AXIS2_PLACEMENT_3D ( 'NONE', #1272, #1029, #378 ) ;
#2635 = AXIS2_PLACEMENT_3D ( 'NONE', #1113, #1133, #2445 ) ;
#2636 = EDGE_CURVE ( 'NONE', #2294, #630, #1544, .T. ) ;
#2637 = DIRECTION ( 'NONE',  ( 0.0000000000000000000, 0.0000000000000000000, -1.000000000000000000 ) ) ;
#2638 = AXIS2_PLACEMENT_3D ( 'NONE', #1076, #1764, #2014 ) ;
#2639 = CARTESIAN_POINT ( 'NONE',  ( -2.200000000000002842, -0.005000000000000013115, -1.600000000000000755 ) ) ;
#2640 = ORIENTED_EDGE ( 'NONE', *, *, #1072, .F. ) ;
#2641 = DIRECTION ( 'NONE',  ( 0.0000000000000000000, 0.0000000000000000000, 1.000000000000000000 ) ) ;
#2642 = AXIS2_PLACEMENT_3D ( 'NONE', #1846, #2470, #2503 ) ;
#2643 = EDGE_CURVE ( 'NONE', #321, #965, #519, .T. ) ;
#2644 = STYLED_ITEM ( 'NONE', ( #383 ), #1179 ) ;
#2645 = DIRECTION ( 'NONE',  ( 0.0000000000000000000, -0.0000000000000000000, -1.000000000000000000 ) ) ;
#2646 = AXIS2_PLACEMENT_3D ( 'NONE', #845, #1704, #398 ) ;
#2647 = LINE ( 'NONE', #1371, #1358 ) ;
#2648 = DIRECTION ( 'NONE',  ( 0.0000000000000000000, 0.0000000000000000000, -1.000000000000000000 ) ) ;
#2649 = CARTESIAN_POINT ( 'NONE',  ( 2.267202672407505837, 0.4999999999999997780, -1.502930500023127003 ) ) ;
#2650 = DIRECTION ( 'NONE',  ( 1.000000000000000000, 0.0000000000000000000, -0.0000000000000000000 ) ) ;
#2651 = CARTESIAN_POINT ( 'NONE',  ( 2.443403200231469174, 0.5000000000000000000, 1.400000000000001688 ) ) ;
#2652 = VERTEX_POINT ( 'NONE', #1736 ) ;
#2653 = VERTEX_POINT ( 'NONE', #921 ) ;
#2654 = EDGE_CURVE ( 'NONE', #417, #848, #1802, .T. ) ;
#2655 = LINE ( 'NONE', #1530, #1083 ) ;
#2656 =( NAMED_UNIT ( * ) PLANE_ANGLE_UNIT ( ) SI_UNIT ( $, .RADIAN. ) );
#2657 = EDGE_CURVE ( 'NONE', #1474, #1577, #2441, .T. ) ;
#2658 = SURFACE_STYLE_USAGE ( .BOTH. , #2424 ) ;
#2659 = VERTEX_POINT ( 'NONE', #1312 ) ;
#2660 = FACE_OUTER_BOUND ( 'NONE', #475, .T. ) ;
#2661 = CARTESIAN_POINT ( 'NONE',  ( 2.174526702772682007, 0.4999999999999998890, 1.550000000000002265 ) ) ;
#2662 = LINE ( 'NONE', #1556, #234 ) ;
#2663 = VERTEX_POINT ( 'NONE', #270 ) ;
#2664 = CARTESIAN_POINT ( 'NONE',  ( -2.105000000000000426, 0.8499999999999999778, 1.205000000000001625 ) ) ;
#2665 = CARTESIAN_POINT ( 'NONE',  ( -1.300000000000002265, 0.0000000000000000000, -1.599999999999999201 ) ) ;
#2666 = ORIENTED_EDGE ( 'NONE', *, *, #2111, .T. ) ;
#2667 = EDGE_CURVE ( 'NONE', #715, #88, #76, .T. ) ;
#2668 = CARTESIAN_POINT ( 'NONE',  ( 2.343403200231469974, 0.0000000000000000000, -1.599999999999999201 ) ) ;
#2669 =( LENGTH_UNIT ( ) NAMED_UNIT ( * ) SI_UNIT ( .MILLI., .METRE. ) );
#2670 = ORIENTED_EDGE ( 'NONE', *, *, #2657, .F. ) ;
#2671 = ADVANCED_FACE ( 'NONE', ( #2238 ), #701, .F. ) ;
#2672 = ORIENTED_EDGE ( 'NONE', *, *, #1322, .F. ) ;
#2673 =( NAMED_UNIT ( * ) SI_UNIT ( $, .STERADIAN. ) SOLID_ANGLE_UNIT ( ) );
#2674 = CARTESIAN_POINT ( 'NONE',  ( 2.403243468686742990, 0.5000000000000000000, 1.286357684408074187 ) ) ;
#2675 = DIRECTION ( 'NONE',  ( -1.000000000000000000, -0.0000000000000000000, 0.0000000000000000000 ) ) ;
#2676 = ORIENTED_EDGE ( 'NONE', *, *, #1230, .T. ) ;
#2677 = DIRECTION ( 'NONE',  ( 0.9153404042997721479, 1.423000651213143549E-10, 0.4026809459812197289 ) ) ;
#2678 = PRESENTATION_LAYER_ASSIGNMENT (  '', '', ( #731 ) ) ;
#2679 = COLOUR_RGB ( '',0.7529411764705882248, 0.7529411764705882248, 0.7529411764705882248 ) ;
#2680 = VECTOR ( 'NONE', #1819, 1000.000000000000000 ) ;
#2681 = FILL_AREA_STYLE ('',( #2501 ) ) ;
#2682 = DIRECTION ( 'NONE',  ( -0.0000000000000000000, -1.000000000000000000, -0.0000000000000000000 ) ) ;
#2683 = VECTOR ( 'NONE', #2110, 1000.000000000000000 ) ;
#2684 = AXIS2_PLACEMENT_3D ( 'NONE', #117, #2484, #128 ) ;
#2685 = DIRECTION ( 'NONE',  ( -1.000000000000000000, -0.0000000000000000000, 0.0000000000000000000 ) ) ;
#2686 = COLOUR_RGB ( '',0.1568627450980392135, 0.0000000000000000000, 0.1568627450980392135 ) ;
#2687 = PRESENTATION_LAYER_ASSIGNMENT (  '', '', ( #1407 ) ) ;
#2688 = CARTESIAN_POINT ( 'NONE',  ( 2.443403200231469174, 0.5000000000000000000, 1.400000000000001688 ) ) ;
#2689 = CARTESIAN_POINT ( 'NONE',  ( 2.258857902733177880, 0.5000000000000000000, 1.522908929367488895 ) ) ;
#2690 = STYLED_ITEM ( 'NONE', ( #1055 ), #2575 ) ;
#2691 = EDGE_LOOP ( 'NONE', ( #1086, #1170, #1756, #2335, #1025, #1797, #394, #111 ) ) ;
#2692 = EDGE_LOOP ( 'NONE', ( #2585, #121, #2482, #2166 ) ) ;
#2693 = DIRECTION ( 'NONE',  ( 1.000000000000000000, 0.0000000000000000000, -0.0000000000000000000 ) ) ;
#2694 = LINE ( 'NONE', #2665, #1249 ) ;
#2695 = CARTESIAN_POINT ( 'NONE',  ( 2.443403200231469174, 0.5000000000000000000, 1.251591226913817190 ) ) ;
#2696 = CARTESIAN_POINT ( 'NONE',  ( 2.129999999999998561, 0.4999999999999998890, -1.550000000000002265 ) ) ;
#2697 = CARTESIAN_POINT ( 'NONE',  ( 2.443403200231469174, -0.005000000000000000104, -1.300000000000000488 ) ) ;
#2698 = CARTESIAN_POINT ( 'NONE',  ( 2.377967424580815337, 0.5041278446025125870, -1.265368692046000554 ) ) ;
#2699 = ORIENTED_EDGE ( 'NONE', *, *, #431, .T. ) ;
#2700 = EDGE_CURVE ( 'NONE', #2385, #417, #1156, .T. ) ;
#2701 = ORIENTED_EDGE ( 'NONE', *, *, #964, .F. ) ;
#2702 = EDGE_CURVE ( 'NONE', #67, #1912, #668, .T. ) ;
#2703 = CARTESIAN_POINT ( 'NONE',  ( -2.450000000000002398, 0.5000000000000000000, -1.230000000000000204 ) ) ;
#2704 = CARTESIAN_POINT ( 'NONE',  ( 2.343403200231469530, 0.0000000000000000000, -0.7000000000000003997 ) ) ;
#2705 = ORIENTED_EDGE ( 'NONE', *, *, #2086, .F. ) ;
#2706 = CARTESIAN_POINT ( 'NONE',  ( -2.130000000000002558, 0.5289949493661166846, 1.480000000000002203 ) ) ;
#2707 = LINE ( 'NONE', #1825, #2174 ) ;
#2708 = DIRECTION ( 'NONE',  ( -1.000000000000000000, 0.0000000000000000000, 4.772643433584183416E-17 ) ) ;
#2709 = ORIENTED_EDGE ( 'NONE', *, *, #1341, .F. ) ;
#2710 = ORIENTED_EDGE ( 'NONE', *, *, #1931, .F. ) ;
#2711 = PRESENTATION_STYLE_ASSIGNMENT (( #755 ) ) ;
#2712 = CARTESIAN_POINT ( 'NONE',  ( -2.400000000000003464, -0.005000000000000000104, -0.6999999999999997335 ) ) ;
#2713 = CARTESIAN_POINT ( 'NONE',  ( 2.198828759856459314, 0.5700000000000000622, -1.472842956378193513 ) ) ;
#2714 = EDGE_CURVE ( 'NONE', #1853, #1085, #2430, .T. ) ;
#2715 = VECTOR ( 'NONE', #1476, 1000.000000000000000 ) ;
#2716 = CIRCLE ( 'NONE', #1251, 0.2500000000000000000 ) ;
#2717 = PLANE ( 'NONE',  #314 ) ;
#2718 = CARTESIAN_POINT ( 'NONE',  ( 2.443403200231468730, 0.5000000000000000000, -1.600000000000000533 ) ) ;
#2719 = VECTOR ( 'NONE', #515, 1000.000000000000000 ) ;
#2720 = AXIS2_PLACEMENT_3D ( 'NONE', #15, #1051, #438 ) ;
#2721 = DIRECTION ( 'NONE',  ( -0.8366275704482348807, -9.293161478447109415E-15, -0.5477721317901118603 ) ) ;
#2722 =( GEOMETRIC_REPRESENTATION_CONTEXT ( 3 ) GLOBAL_UNCERTAINTY_ASSIGNED_CONTEXT ( ( #1566 ) ) GLOBAL_UNIT_ASSIGNED_CONTEXT ( ( #159, #1930, #380 ) ) REPRESENTATION_CONTEXT ( 'NONE', 'WORKASPACE' ) );
#2723 = VECTOR ( 'NONE', #549, 1000.000000000000000 ) ;
#2724 = VERTEX_POINT ( 'NONE', #2614 ) ;
#2725 = ORIENTED_EDGE ( 'NONE', *, *, #1110, .F. ) ;
#2726 = DIRECTION ( 'NONE',  ( -1.000000000000000000, -0.0000000000000000000, -0.0000000000000000000 ) ) ;
#2727 = PLANE ( 'NONE',  #405 ) ;
#2728 = PRESENTATION_LAYER_ASSIGNMENT (  '', '', ( #2690 ) ) ;
#2729 = CARTESIAN_POINT ( 'NONE',  ( -2.129999999999999893, 0.5000000000000000000, -1.550000000000002043 ) ) ;
#2730 = ADVANCED_FACE ( 'NONE', ( #2181 ), #2806, .T. ) ;
#2731 = FACE_OUTER_BOUND ( 'NONE', #702, .T. ) ;
#2732 = CARTESIAN_POINT ( 'NONE',  ( -2.130000000000002114, 0.7999999999999999334, 1.230000000000001759 ) ) ;
#2733 = CARTESIAN_POINT ( 'NONE',  ( -2.500000000000002220, -0.005000000000000013115, -1.400000000000000133 ) ) ;
#2734 = DIRECTION ( 'NONE',  ( -9.637352644315598694E-16, 0.0000000000000000000, -1.000000000000000000 ) ) ;
#2735 = ORIENTED_EDGE ( 'NONE', *, *, #164, .T. ) ;
#2736 = ORIENTED_EDGE ( 'NONE', *, *, #1755, .T. ) ;
#2737 = CARTESIAN_POINT ( 'NONE',  ( -2.380000000000003446, 0.5289949493661164626, -1.376446609406727140 ) ) ;
#2738 = CARTESIAN_POINT ( 'NONE',  ( -2.450000000000001954, 0.5000000000000001110, -1.270186110965930260 ) ) ;
#2739 = CARTESIAN_POINT ( 'NONE',  ( -2.380000000000002558, 0.5699999999999999512, 1.229999999999999982 ) ) ;
#2740 = DIRECTION ( 'NONE',  ( 1.000000000000000000, 0.0000000000000000000, 0.0000000000000000000 ) ) ;
#2741 = SURFACE_STYLE_FILL_AREA ( #578 ) ;
#2742 = CARTESIAN_POINT ( 'NONE',  ( 2.378238173029945557, 0.5699998144845678238, -1.264055300577489716 ) ) ;
#2743 = EDGE_CURVE ( 'NONE', #1237, #2745, #222, .T. ) ;
#2744 = ORIENTED_EDGE ( 'NONE', *, *, #210, .T. ) ;
#2745 = VERTEX_POINT ( 'NONE', #624 ) ;
#2746 = CARTESIAN_POINT ( 'NONE',  ( -2.450000000000003730, 0.5000000000000000000, -1.417451660040611738 ) ) ;
#2747 = CARTESIAN_POINT ( 'NONE',  ( 2.374846250180834950, 0.5289949493661173507, -1.280500631405804057 ) ) ;
#2748 = EDGE_CURVE ( 'NONE', #2143, #1099, #777, .T. ) ;
#2749 =( LENGTH_UNIT ( ) NAMED_UNIT ( * ) SI_UNIT ( .MILLI., .METRE. ) );
#2750 = ORIENTED_EDGE ( 'NONE', *, *, #341, .T. ) ;
#2751 = PRESENTATION_STYLE_ASSIGNMENT (( #1685 ) ) ;
#2752 = MECHANICAL_DESIGN_GEOMETRIC_PRESENTATION_REPRESENTATION (  '', ( #503 ), #2393 ) ;
#2753 = CARTESIAN_POINT ( 'NONE',  ( 2.327796728462405262, 0.5684285811568667857, 1.383707933517668964 ) ) ;
#2754 = DIRECTION ( 'NONE',  ( -1.000000000000000000, 0.0000000000000000000, 6.195440985631437568E-15 ) ) ;
#2755 = STYLED_ITEM ( 'NONE', ( #2105 ), #449 ) ;
#2756 = VERTEX_POINT ( 'NONE', #888 ) ;
#2757 = CIRCLE ( 'NONE', #176, 0.07000000000000008993 ) ;
#2758 = CARTESIAN_POINT ( 'NONE',  ( -2.400000000000003464, -0.005000000000000000104, -0.6999999999999997335 ) ) ;
#2759 = ADVANCED_FACE ( 'NONE', ( #1082 ), #2599, .T. ) ;
#2760 =( NAMED_UNIT ( * ) SI_UNIT ( $, .STERADIAN. ) SOLID_ANGLE_UNIT ( ) );
#2761 = VECTOR ( 'NONE', #2191, 1000.000000000000000 ) ;
#2762 = COLOUR_RGB ( '',0.1568627450980392135, 0.0000000000000000000, 0.1568627450980392135 ) ;
#2763 = CARTESIAN_POINT ( 'NONE',  ( -2.400000000000003464, -0.005000000000000000104, -0.6999999999999997335 ) ) ;
#2764 = ORIENTED_EDGE ( 'NONE', *, *, #2767, .F. ) ;
#2765 =( NAMED_UNIT ( * ) PLANE_ANGLE_UNIT ( ) SI_UNIT ( $, .RADIAN. ) );
#2766 = AXIS2_PLACEMENT_3D ( 'NONE', #287, #1573, #2416 ) ;
#2767 = EDGE_CURVE ( 'NONE', #636, #200, #455, .T. ) ;
#2768 = LINE ( 'NONE', #1683, #179 ) ;
#2769 = ORIENTED_EDGE ( 'NONE', *, *, #557, .F. ) ;
#2770 = CARTESIAN_POINT ( 'NONE',  ( -2.300000000000002043, 0.5000000000000000000, -1.600000000000000755 ) ) ;
#2771 = PLANE ( 'NONE',  #1851 ) ;
#2772 = CARTESIAN_POINT ( 'NONE',  ( -2.450000000000002398, 0.5699999999999999512, -1.230000000000000204 ) ) ;
#2773 = ORIENTED_EDGE ( 'NONE', *, *, #821, .F. ) ;
#2774 = ORIENTED_EDGE ( 'NONE', *, *, #2290, .T. ) ;
#2775 = CARTESIAN_POINT ( 'NONE',  ( 2.343121173076339936, 0.5000000500294028427, 1.422854251919593471 ) ) ;
#2776 = SURFACE_STYLE_FILL_AREA ( #2805 ) ;
#2777 = DIRECTION ( 'NONE',  ( -0.0000000000000000000, -1.000000000000000000, -0.0000000000000000000 ) ) ;
#2778 = EDGE_CURVE ( 'NONE', #2659, #791, #825, .T. ) ;
#2779 = CARTESIAN_POINT ( 'NONE',  ( 2.443403200231468286, 0.5000000000000000000, -1.400000000000000577 ) ) ;
#2780 = EDGE_LOOP ( 'NONE', ( #1014, #628, #1823, #2735 ) ) ;
#2781 = DIRECTION ( 'NONE',  ( -0.0000000000000000000, -1.000000000000000000, -0.0000000000000000000 ) ) ;
#2782 = EDGE_CURVE ( 'NONE', #2184, #1654, #243, .T. ) ;
#2783 = ORIENTED_EDGE ( 'NONE', *, *, #326, .T. ) ;
#2784 = DIRECTION ( 'NONE',  ( 0.0000000000000000000, 0.0000000000000000000, 1.000000000000000000 ) ) ;
#2785 = FACE_OUTER_BOUND ( 'NONE', #999, .T. ) ;
#2786 = CARTESIAN_POINT ( 'NONE',  ( -2.380000000000002558, 0.5699999999999999512, -1.230000000000000648 ) ) ;
#2787 =( BOUNDED_SURFACE ( )  B_SPLINE_SURFACE ( 3, 2, ( 
 ( #26, #2179, #1375 ),
 ( #885, #2002, #1142 ),
 ( #1749, #2438, #2413 ),
 ( #73, #2236, #253 ),
 ( #1153, #1338, #2649 ),
 ( #486, #1192, #1598 ) ),
 .UNSPECIFIED., .F., .F., .F. ) 
 B_SPLINE_SURFACE_WITH_KNOTS ( ( 4, 2, 4 ),
 ( 3, 3 ),
 ( 0.0001215924922617579783, 0.0002146063564169840322, 0.0003076202205722101133 ),
 ( 0.0000000000000000000, 1.000000000000000000 ),
 .UNSPECIFIED. ) 
 GEOMETRIC_REPRESENTATION_ITEM ( )  RATIONAL_B_SPLINE_SURFACE ( (
 ( 1.000000000000000000, 0.7071067811865475727, 1.000000000000000000),
 ( 1.000000000000000000, 0.7875422844618235052, 1.000000000000000000),
 ( 1.000000000000000000, 0.8665495245178221895, 1.000000000000000000),
 ( 1.000000000000000000, 0.8663805026609544546, 1.000000000000000000),
 ( 1.000000000000000000, 0.7874856773336030846, 1.000000000000000000),
 ( 1.000000000000000000, 0.7071067811336848585, 1.000000000000000000) ) ) 
 REPRESENTATION_ITEM ( '' )  SURFACE ( )  );
#2788 = DIRECTION ( 'NONE',  ( 2.710505431213761578E-16, 0.0000000000000000000, 1.000000000000000000 ) ) ;
#2789 = ORIENTED_EDGE ( 'NONE', *, *, #571, .T. ) ;
#2790 = DIRECTION ( 'NONE',  ( 1.000000000000000000, 0.0000000000000000000, -2.409338161078899674E-16 ) ) ;
#2791 = CARTESIAN_POINT ( 'NONE',  ( 2.129999999999999449, 0.5000000000000000000, -1.550000000000002265 ) ) ;
#2792 =( NAMED_UNIT ( * ) PLANE_ANGLE_UNIT ( ) SI_UNIT ( $, .RADIAN. ) );
#2793 = EDGE_LOOP ( 'NONE', ( #531, #1390, #1985, #537 ) ) ;
#2794 = CARTESIAN_POINT ( 'NONE',  ( -2.300000000000001155, 0.5000000000000000000, 1.600000000000001865 ) ) ;
#2795 = ORIENTED_EDGE ( 'NONE', *, *, #1794, .T. ) ;
#2796 = CARTESIAN_POINT ( 'NONE',  ( -2.300000000000001599, 0.5000000000000000000, -1.600000000000000755 ) ) ;
#2797 = FILL_AREA_STYLE ('',( #157 ) ) ;
#2798 = EDGE_CURVE ( 'NONE', #1068, #1577, #1218, .T. ) ;
#2799 = SURFACE_SIDE_STYLE ('',( #617 ) ) ;
#2800 = SURFACE_SIDE_STYLE ('',( #1716 ) ) ;
#2801 = EDGE_CURVE ( 'NONE', #88, #918, #1593, .T. ) ;
#2802 = DIRECTION ( 'NONE',  ( -0.0000000000000000000, -1.000000000000000000, 0.0000000000000000000 ) ) ;
#2803 = ORIENTED_EDGE ( 'NONE', *, *, #1507, .T. ) ;
#2804 = VECTOR ( 'NONE', #1069, 1000.000000000000000 ) ;
#2805 = FILL_AREA_STYLE ('',( #843 ) ) ;
#2806 = CYLINDRICAL_SURFACE ( 'NONE', #594, 0.1250000000000001110 ) ;
#2807 = VECTOR ( 'NONE', #2185, 1000.000000000000000 ) ;
#2808 = VECTOR ( 'NONE', #1558, 1000.000000000000000 ) ;
#2809 = DIRECTION ( 'NONE',  ( 0.0000000000000000000, 1.000000000000000000, 0.0000000000000000000 ) ) ;
#2810 = ORIENTED_EDGE ( 'NONE', *, *, #1075, .F. ) ;
#2811 = DIRECTION ( 'NONE',  ( 0.0000000000000000000, 0.0000000000000000000, 1.000000000000000000 ) ) ;
ENDSEC;
END-ISO-10303-21;
